"NCBI","name","oralcavity_species_prevalence","nasalcavity_species_prevalence","stool_species_prevalence"
"28037","Streptococcus mitis",0.851851851851852,0,0.467259259259259
"43675","Rothia mucilaginosa",0.802469135802469,0,0.321185185185185
"1318","Streptococcus parasanguinis",0.765432098765432,0,0.544296296296296
"1303","Streptococcus oralis",0.666666666666667,0,0.0764444444444444
"28132","Prevotella melaninogenica",0.567901234567901,0,0.0103703703703704
"1379","Gemella haemolysans",0.54320987654321,0,0.220444444444444
"68892","Streptococcus infantis",0.54320987654321,0,0.137777777777778
"84135","Gemella sanguinis",0.530864197530864,0,0.0992592592592593
"484","Neisseria flavescens",0.518518518518518,0,0.0604444444444444
"1304","Streptococcus salivarius",0.506172839506173,0,0.683555555555556
"39778","Veillonella dispar",0.506172839506173,0,0.379851851851852
"39777","Veillonella atypica",0.493827160493827,0,0.322666666666667
"729","Haemophilus parainfluenzae",0.469135802469136,0,0.448888888888889
"1911679","Veillonella infantium",0.469135802469136,0,0.332148148148148
"1747","Cutibacterium acnes",0.432098765432099,1,0.0797037037037037
"322095","Porphyromonas somerae",0.407407407407407,0,0.00237037037037037
"1660","Schaalia odontolytica",0.407407407407407,0,0.144296296296296
"2027459","Veillonella sp. T11011-6",0.407407407407407,0,0.229037037037037
"29391","Gemella morbillorum",0.382716049382716,0,0.0231111111111111
"257758","Streptococcus pseudopneumoniae",0.382716049382716,0,0.0151111111111111
"563038","Streptococcus sp. M334",0.37037037037037,0,0.0260740740740741
"470565","Prevotella histicola",0.37037037037037,0,0.00622222222222222
"726","Haemophilus haemolyticus",0.37037037037037,0,0.0642962962962963
"29466","Veillonella parvula",0.333333333333333,0,0.488888888888889
"936548","Actinomyces sp. ICM47",0.320987654320988,0,0.0714074074074074
"199","Campylobacter concisus",0.320987654320988,0,0.0331851851851852
"544580","Actinomyces oris",0.308641975308642,0,0.0145185185185185
"2047","Rothia dentocariosa",0.308641975308642,0,0.00325925925925926
"860","Fusobacterium periodonticum",0.308641975308642,0,0.0103703703703704
"851","Fusobacterium nucleatum",0.308641975308642,0,0.0103703703703704
"28449","Neisseria subflava",0.308641975308642,0,0.0272592592592593
"55565","Actinomyces graevenitzii",0.296296296296296,0,0.0382222222222222
"490","Neisseria sicca",0.296296296296296,0,0.00414814814814815
"60133","Prevotella pallens",0.296296296296296,0,0.00503703703703704
"1382","Lancefieldella parvula",0.296296296296296,0,0.0305185185185185
"113107","Streptococcus australis",0.296296296296296,0,0.04
"47671","Lautropia mirabilis",0.296296296296296,0,0.00177777777777778
"1305","Streptococcus sanguinis",0.296296296296296,0,0.0195555555555556
"1739406","Actinomyces sp. HMSC035G02",0.283950617283951,0,0.0805925925925926
"1177574","Prevotella jejuni",0.271604938271605,0,0.00325925925925926
"43768","Corynebacterium matruchotii",0.271604938271605,0,0.000592592592592593
"172042","Rothia aeria",0.271604938271605,0,0.000888888888888889
"1383","Lancefieldella rimae",0.271604938271605,0,0.0082962962962963
"999425","Streptococcus sp. F0442",0.271604938271605,0,0.0325925925925926
"739","Aggregatibacter segnis",0.259259259259259,0,0.0103703703703704
"204","Campylobacter showae",0.259259259259259,0,0.00296296296296296
"712461","Prevotella sp. oral taxon 306",0.259259259259259,0,0.00177777777777778
"228604","Prevotella salivae",0.259259259259259,0,0.00237037037037037
"237576","Oribacterium sinus",0.246913580246914,0,0.00355555555555556
"1302","Streptococcus gordonii",0.246913580246914,0,0.016
"28133","Prevotella nigrescens",0.246913580246914,0,0.00207407407407407
"45634","Streptococcus cristatus",0.246913580246914,0,0.00118518518518519
"488","Neisseria mucosa",0.246913580246914,0,0.00177777777777778
"143393","[Eubacterium] sulci",0.246913580246914,0,0.00977777777777778
"33033","Parvimonas micra",0.246913580246914,0,0.008
"712148","Aggregatibacter sp. oral taxon 458",0.246913580246914,0,0.000592592592592593
"28135","Prevotella oris",0.246913580246914,0,0.00207407407407407
"228603","Prevotella shahii",0.246913580246914,0,0.00118518518518519
"1739341","Streptococcus sp. HMSC071D03",0.246913580246914,0,0.016
"123834","Haemophilus quentini",0.246913580246914,0,0.00533333333333333
"28124","Porphyromonas endodontalis",0.234567901234568,0,0.00207407407407407
"712469","Alloprevotella sp. oral taxon 473",0.234567901234568,0,0.000296296296296296
"157687","Leptotrichia wadei",0.234567901234568,0,0.00237037037037037
"712710","Tannerella serpentiformis",0.234567901234568,0,0.000296296296296296
"495","Neisseria elongata",0.234567901234568,0,0.000592592592592593
"1759399","Streptococcus sp. A12",0.234567901234568,0,0.0628148148148148
"327575","Capnocytophaga leadbetteri",0.234567901234568,0,0.000592592592592593
"712359","Leptotrichia sp. oral taxon 215",0.234567901234568,0,0.00148148148148148
"467210","Lachnoanaerobaculum saburreum",0.234567901234568,0,0.00207407407407407
"1019","Capnocytophaga sputigena",0.234567901234568,0,0.000296296296296296
"1343","Streptococcus vestibularis",0.234567901234568,0,0.185185185185185
"61592","Corynebacterium durum",0.234567901234568,0,0.00237037037037037
"1655","Actinomyces naeslundii",0.234567901234568,0,0.0115555555555556
"35517","[Eubacterium] brachy",0.222222222222222,0,0.00266666666666667
"114527","Mogibacterium diversum",0.222222222222222,0,0.0186666666666667
"341694","Peptostreptococcus stomatis",0.222222222222222,0,0.00207407407407407
"407975","Prevotella pleuritidis",0.222222222222222,0,0
"796942","Stomatobaculum longum",0.222222222222222,0,0.00237037037037037
"589437","Prevotella scopos",0.222222222222222,0,0.00266666666666667
"1227276","Prevotella sp. F0091",0.222222222222222,0,0.000888888888888889
"102148","Solobacterium moorei",0.222222222222222,0,0.008
"1017","Capnocytophaga gingivalis",0.222222222222222,0,0
"1581061","Abiotrophia sp. HMSC24B09",0.222222222222222,0,0.00148148148148148
"483","Neisseria cinerea",0.222222222222222,0,0.00533333333333333
"1282","Staphylococcus epidermidis",0.222222222222222,1,0.392
"28131","Prevotella intermedia",0.209876543209877,0,0.00148148148148148
"76122","Alloprevotella tannerae",0.209876543209877,0,0.00296296296296296
"203","Campylobacter rectus",0.209876543209877,0,0
"28129","Prevotella denticola",0.209876543209877,0,0.000592592592592593
"187326","Megasphaera micronuciformis",0.209876543209877,0,0.0708148148148148
"712121","Actinomyces sp. oral taxon 181",0.209876543209877,0,0.0616296296296296
"40542","Leptotrichia buccalis",0.209876543209877,0,0
"1284680","Actinomyces sp. S6-Spd3",0.209876543209877,0,0.0195555555555556
"46125","Abiotrophia defectiva",0.209876543209877,0,0.000888888888888889
"28137","Prevotella veroralis",0.209876543209877,0,0.000296296296296296
"33053","Neisseria perflava",0.209876543209877,0,0.00266666666666667
"641148","Neisseria sp. oral taxon 014",0.209876543209877,0,0.000592592592592593
"51123","[Eubacterium] saphenum",0.197530864197531,0,0
"1078480","Haemophilus sputorum",0.197530864197531,0,0.0426666666666667
"1739309","Streptococcus sp. HMSC034E03",0.197530864197531,0,0.000592592592592593
"1739491","Streptococcus sp. HMSC067H01",0.197530864197531,0,0.00118518518518519
"46124","Granulicatella adiacens",0.197530864197531,0,0.00207407407407407
"157688","Leptotrichia hofstadii",0.197530864197531,0,0.000296296296296296
"1056807","Morococcus cerebrosus",0.197530864197531,0,0.00118518518518519
"143361","Filifactor alocis",0.185185185185185,0,0
"28112","Tannerella forsythia",0.185185185185185,0,0.000296296296296296
"1501329","Oribacterium parvum",0.185185185185185,0,0.00148148148148148
"671218","Alloprevotella rava",0.185185185185185,0,0.000592592592592593
"28136","Prevotella oulorum",0.185185185185185,0,0.00207407407407407
"1750","Arachnia propionica",0.185185185185185,0,0.000296296296296296
"712437","Porphyromonas sp. oral taxon 278",0.172839506172839,0,0.000296296296296296
"652716","Prevotella sp. oral taxon 299",0.172839506172839,0,0.000592592592592593
"423477","Veillonella rogosae",0.172839506172839,0,0.0755555555555556
"1203556","Actinomyces sp. HPA0247",0.172839506172839,0,0.0554074074074074
"135083","Selenomonas noxia",0.172839506172839,0,0.00237037037037037
"651609","Actinomyces sp. oral taxon 180",0.172839506172839,0,0.000888888888888889
"1110546","Veillonella tobetsuensis",0.172839506172839,0,0.0394074074074074
"712368","Leptotrichia sp. oral taxon 498",0.172839506172839,0,0.000296296296296296
"671213","Leptotrichia sp. oral taxon 225",0.172839506172839,0,0
"502","Kingella denitrificans",0.172839506172839,0,0
"712357","Leptotrichia sp. oral taxon 212",0.172839506172839,0,0
"1095727","Streptococcus sp. SK643",0.172839506172839,0,0.00562962962962963
"1290","Staphylococcus hominis",0.172839506172839,0,0.200296296296296
"712982","Lachnospiraceae bacterium oral taxon 096",0.160493827160494,0,0.00355555555555556
"1608898","Haemophilus sp. HMSC71H05",0.160493827160494,0,0.223703703703704
"1501332","Oribacterium asaccharolyticum",0.148148148148148,0,0.000296296296296296
"158","Treponema denticola",0.148148148148148,0,0
"45242","Capnocytophaga granulosa",0.148148148148148,0,0
"496","Neisseria macacae",0.148148148148148,0,0.000888888888888889
"1018","Capnocytophaga ochracea",0.148148148148148,0,0
"1715052","Neisseria sp. HMSC064E01",0.148148148148148,0,0
"1227267","Leptotrichia sp. oral taxon 879",0.148148148148148,0,0
"837","Porphyromonas gingivalis",0.135802469135802,0,0.00207407407407407
"35518","[Eubacterium] nodatum",0.135802469135802,0,0.000592592592592593
"56774","[Eubacterium] infirmum",0.135802469135802,0,0.000888888888888889
"589436","Prevotella fusca",0.135802469135802,0,0.000296296296296296
"824","Campylobacter gracilis",0.135802469135802,0,0.00474074074074074
"712888","Actinobaculum sp. oral taxon 183",0.135802469135802,0,0.00266666666666667
"840","Prevotella loescheii",0.135802469135802,0,0
"651822","Fretibacterium fastidiosum",0.123456790123457,0,0.0100740740740741
"712288","Fusobacterium sp. oral taxon 370",0.123456790123457,0,0.00148148148148148
"1203590","Streptococcus sp. HPH0090",0.123456790123457,0,0.00622222222222222
"2718","Cardiobacterium hominis",0.123456790123457,0,0
"735","Haemophilus parahaemolyticus",0.123456790123457,0,0.018962962962963
"86332","Mogibacterium pumilum",0.111111111111111,0,0
"732","Aggregatibacter aphrophilus",0.111111111111111,0,0.00237037037037037
"230143","Scardovia wiggsiae",0.111111111111111,0,0.0162962962962963
"652708","Bacteroidetes oral taxon 274",0.111111111111111,0,0
"82135","Fannyhessea vaginae",0.111111111111111,0,0.00562962962962963
"72","Simonsiella muelleri",0.111111111111111,0,0
"727","Haemophilus influenzae",0.111111111111111,0,0.00296296296296296
"736","Haemophilus paraphrohaemolyticus",0.111111111111111,0,0.0231111111111111
"68891","Streptococcus peroris",0.111111111111111,0,0.0601481481481481
"43997","Catonella morbi",0.111111111111111,0,0
"1313","Streptococcus pneumoniae",0.111111111111111,0,0.00533333333333333
"712213","Capnocytophaga sp. oral taxon 332",0.111111111111111,0,0
"505","Kingella oralis",0.111111111111111,0,0.000296296296296296
"486","Neisseria lactamica",0.111111111111111,0,0
"28125","Prevotella bivia",0.0987654320987654,0,0.0334814814814815
"282402","Prevotella multiformis",0.0987654320987654,0,0
"712622","Streptococcus sp. oral taxon 058",0.0987654320987654,0,0.000592592592592593
"41976","Porphyromonas catoniae",0.0987654320987654,0,0.000296296296296296
"69823","Selenomonas sputigena",0.0987654320987654,0,0
"712124","Actinomyces sp. oral taxon 448",0.0987654320987654,0,0.00177777777777778
"194702","Cardiobacterium valvarum",0.0987654320987654,0,0
"1656","Actinomyces viscosus",0.0987654320987654,0,0.00118518518518519
"288000","Bradyrhizobium sp. BTAi1",0.0987654320987654,0,0.00355555555555556
"33040","Streptococcus milleri",0.0864197530864197,0,0.00414814814814815
"216816","Bifidobacterium longum",0.0864197530864197,0,0.687703703703704
"712122","Actinomyces sp. oral taxon 414",0.0864197530864197,0,0.000592592592592593
"53419","Treponema socranskii",0.0864197530864197,0,0
"539","Eikenella corrodens",0.0864197530864197,0,0.00237037037037037
"135080","Selenomonas flueggei",0.0864197530864197,0,0.000296296296296296
"1685","Bifidobacterium breve",0.0864197530864197,0,0.376888888888889
"1680","Bifidobacterium adolescentis",0.0740740740740741,0,0.312
"712117","Actinomyces sp. oral taxon 170",0.0740740740740741,0,0.000296296296296296
"58231","Treponema medium",0.0740740740740741,0,0
"461393","Actinomyces massiliensis",0.0740740740740741,0,0.00118518518518519
"52773","Schaalia meyeri",0.0740740740740741,0,0
"1681","Bifidobacterium bifidum",0.0740740740740741,0,0.382518518518519
"544581","Actinomyces johnsonii",0.0740740740740741,0,0.00355555555555556
"202","Campylobacter mucosalis",0.0740740740740741,0,0
"216778","Stenotrophomonas rhizophila",0.0740740740740741,0,0.00355555555555556
"714","Aggregatibacter actinomycetemcomitans",0.0617283950617284,0,0
"52227","Prevotella dentalis",0.0617283950617284,0,0
"1715092","Streptococcus sp. HMSC070B10",0.0617283950617284,0,0.000888888888888889
"712532","Selenomonas sp. oral taxon 138",0.0617283950617284,0,0
"1583098","Fusobacterium hwasookii",0.0617283950617284,0,0
"197575","Haemophilus aegyptius",0.0617283950617284,0,0
"1658672","Ottowia sp. oral taxon 894",0.0617283950617284,0,0
"1986146","Desulfobulbus oralis",0.0493827160493827,0,0
"39491","[Eubacterium] rectale",0.0493827160493827,0,0.283555555555556
"74426","Collinsella aerofaciens",0.0493827160493827,0,0.391407407407407
"853","Faecalibacterium prausnitzii",0.0493827160493827,0,0.399111111111111
"418240","Blautia wexlerae",0.0493827160493827,0,0.370962962962963
"713008","Parvimonas sp. oral taxon 393",0.0493827160493827,0,0
"439703","Prevotella maculosa",0.0493827160493827,0,0
"386414","Prevotella timonensis",0.0493827160493827,0,0.0334814814814815
"181487","Schaalia cardiffensis",0.0493827160493827,0,0.000296296296296296
"218538","Dialister invisus",0.0493827160493827,0,0.135111111111111
"305719","Prevotella baroniae",0.0493827160493827,0,0
"712711","Tannerella sp. oral taxon 808",0.0493827160493827,0,0
"1785996","Leptotrichia sp. oral taxon 847",0.0493827160493827,0,0
"936572","Selenomonas sp. FOBRC6",0.0493827160493827,0,0
"1227265","Capnocytophaga sp. oral taxon 863",0.0493827160493827,0,0
"671230","Parvimonas sp. oral taxon 110",0.0493827160493827,0,0.000296296296296296
"33011","Cutibacterium granulosum",0.0493827160493827,0,0.0148148148148148
"2702","Gardnerella vaginalis",0.0493827160493827,0,0.0082962962962963
"5476","Candida albicans",0.0493827160493827,0,0.0272592592592593
"710239","Capnocytophaga sp. oral taxon 338",0.0493827160493827,0,0
"76775","Malassezia restricta",0.0493827160493827,0,0.00592592592592593
"69665","Caulobacter sp. FWC26",0.0493827160493827,0,0.00148148148148148
"1774","Mycobacteroides chelonae",0.0493827160493827,0,0.00118518518518519
"165179","Prevotella copri",0.037037037037037,0,0.207703703703704
"1735","Holdemanella biformis",0.037037037037037,0,0.0862222222222222
"1262929","Prevotella sp. CAG:520",0.037037037037037,0,0.0411851851851852
"2293125","Prevotella sp. AM42-24",0.037037037037037,0,0.0506666666666667
"626940","Phascolarctobacterium succinatutens",0.037037037037037,0,0.0666666666666667
"363265","Prevotella stercorea",0.037037037037037,0,0.0497777777777778
"33039","[Ruminococcus] torques",0.037037037037037,0,0.229333333333333
"1262919","Prevotella sp. CAG:1092",0.037037037037037,0,0.0263703703703704
"1262760","Brachyspira sp. CAG:700",0.037037037037037,0,0.0168888888888889
"39485","Lachnospira eligens",0.037037037037037,0,0.251259259259259
"1623","Ligilactobacillus ruminis",0.037037037037037,0,0.0491851851851852
"562","Escherichia coli",0.037037037037037,0,0.669333333333333
"301302","Roseburia faecis",0.037037037037037,0,0.247407407407407
"28052","Lachnospira pectinoschiza",0.037037037037037,0,0.148740740740741
"360807","Roseburia inulinivorans",0.037037037037037,0,0.266666666666667
"1262930","Prevotella sp. CAG:5226",0.037037037037037,0,0.0325925925925926
"301301","Roseburia hominis",0.037037037037037,0,0.214814814814815
"45851","Butyrivibrio crossotus",0.037037037037037,0,0.045037037037037
"821","Phocaeicola vulgatus",0.037037037037037,0,0.463407407407407
"178339","Pauljensenia hongkongensis",0.037037037037037,0,0.000296296296296296
"189723","Prevotella micans",0.037037037037037,0,0
"39950","Dialister pneumosintes",0.037037037037037,0,0.00562962962962963
"78535","Streptococcus viridans",0.037037037037037,0,0.000296296296296296
"1539298","Treponema sp. OMZ 838",0.037037037037037,0,0
"712620","Streptococcus sp. oral taxon 056",0.037037037037037,0,0.000296296296296296
"437897","Megamonas funiformis",0.037037037037037,0,0.0314074074074074
"189722","Prevotella marshii",0.037037037037037,0,0
"357276","Phocaeicola dorei",0.037037037037037,0,0.287407407407407
"2081702","Actinomyces sp. oral taxon 897",0.037037037037037,0,0
"617123","Lachnoanaerobaculum umeaense",0.037037037037037,0,0
"248315","Veillonella rodentium",0.037037037037037,0,0.00503703703703704
"52768","Schaalia georgiae",0.037037037037037,0,0
"671224","Selenomonas artemidis",0.037037037037037,0,0.00148148148148148
"47770","Lactobacillus crispatus",0.037037037037037,0,0.0162962962962963
"1661745","Haemophilus sp. C1",0.037037037037037,0,0
"419208","Veillonella denticariosi",0.037037037037037,0,0.00325925925925926
"487","Neisseria meningitidis",0.037037037037037,0,0
"652706","Oribacterium sp. oral taxon 078",0.037037037037037,0,0.000296296296296296
"135082","Selenomonas infelix",0.037037037037037,0,0
"633701","Prevotella saccharolytica",0.037037037037037,0,0
"1884263","Selenomonas sp. oral taxon 920",0.037037037037037,0,0
"1795832","Eikenella halliae",0.037037037037037,0,0.000592592592592593
"1321785","Selenomonas sp. oral taxon 892",0.037037037037037,0,0.00177777777777778
"147802","Lactobacillus iners",0.037037037037037,0,0.00681481481481482
"2107999","Lactobacillus paragasseri",0.037037037037037,0,0.0601481481481481
"1596","Lactobacillus gasseri",0.037037037037037,0,0.0551111111111111
"29388","Staphylococcus capitis",0.037037037037037,0,0.0127407407407407
"28035","Staphylococcus lugdunensis",0.037037037037037,0,0.0847407407407407
"88431","Dorea longicatena",0.0246913580246914,0,0.237925925925926
"40518","Ruminococcus bromii",0.0246913580246914,0,0.216888888888889
"745368","Gemmiger formicilis",0.0246913580246914,0,0.197925925925926
"1262886","Eubacterium sp. CAG:251",0.0246913580246914,0,0.0583703703703704
"33043","Coprococcus eutactus",0.0246913580246914,0,0.0853333333333333
"166486","Roseburia intestinalis",0.0246913580246914,0,0.225185185185185
"53418","Treponema lecithinolyticum",0.0246913580246914,0,0
"309120","Dialister micraerophilus",0.0246913580246914,0,0.00237037037037037
"40214","Acinetobacter johnsonii",0.0246913580246914,0,0.0157037037037037
"42817","Corynebacterium argentoratense",0.0246913580246914,0,0.00355555555555556
"156456","Anaeroglobus geminatus",0.0246913580246914,0,0.010962962962963
"78259","Scardovia inopinata",0.0246913580246914,0,0
"249188","Haemophilus pittmaniae",0.0246913580246914,0,0.010962962962963
"1855327","Streptococcus sp. NLAE-zl-C503",0.0246913580246914,0,0.000296296296296296
"38284","Corynebacterium accolens",0.0246913580246914,1,0.0145185185185185
"1739394","Porphyromonas sp. HMSC065F10",0.0246913580246914,0,0.00948148148148148
"712528","Selenomonas sp. oral taxon 126",0.0246913580246914,0,0
"1260","Finegoldia magna",0.0246913580246914,0,0.0607407407407407
"36875","Porphyromonas canoris",0.0246913580246914,0,0.000296296296296296
"1280","Staphylococcus aureus",0.0246913580246914,0,0.14962962962963
"827","Campylobacter ureolyticus",0.0246913580246914,0,0.00177777777777778
"563996","Sphingomonas hankookensis",0.0246913580246914,0,0
"999423","Selenomonas sp. F0473",0.0246913580246914,0,0
"133926","Olsenella uli",0.0123456790123457,0,0.00711111111111111
"1262924","Prevotella sp. CAG:279",0.0123456790123457,0,0.0423703703703704
"179995","Anaerobiospirillum thomasii",0.0123456790123457,0,0.0168888888888889
"1550024","Ruthenibacterium lactatiformans",0.0123456790123457,0,0.245333333333333
"820","Bacteroides uniformis",0.0123456790123457,0,0.463111111111111
"489","Neisseria polysaccharea",0.0123456790123457,0,0
"1463165","Klebsiella quasipneumoniae",0.0123456790123457,0,0.147259259259259
"28116","Bacteroides ovatus",0.0123456790123457,0,0.336296296296296
"28026","Bifidobacterium pseudocatenulatum",0.0123456790123457,0,0.266666666666667
"132132","Desulfomicrobium orale",0.0123456790123457,0,0
"28126","Prevotella buccae",0.0123456790123457,0,0.0245925925925926
"84109","Slackia exigua",0.0123456790123457,0,0.00444444444444444
"31973","Eggerthia catenaformis",0.0123456790123457,0,0.000888888888888889
"239935","Akkermansia muciniphila",0.0123456790123457,0,0.210074074074074
"1261","Peptostreptococcus anaerobius",0.0123456790123457,0,0.0148148148148148
"1393034","Atopobium deltae",0.0123456790123457,0,0.00385185185185185
"69710","Treponema vincentii",0.0123456790123457,0,0
"28127","Prevotella buccalis",0.0123456790123457,0,0.0263703703703704
"37734","Enterococcus casseliflavus",0.0123456790123457,0,0.0817777777777778
"158847","Megamonas hypermegale",0.0123456790123457,0,0.0248888888888889
"571","Klebsiella oxytoca",0.0123456790123457,0,0.140740740740741
"419015","Alloscardovia omnicolens",0.0123456790123457,0,0.00503703703703704
"35519","Mogibacterium timidum",0.0123456790123457,0,0.000592592592592593
"1613","Limosilactobacillus fermentum",0.0123456790123457,0,0.0494814814814815
"1309","Streptococcus mutans",0.0123456790123457,0,0.0112592592592593
"1632","Limosilactobacillus oris",0.0123456790123457,0,0.0162962962962963
"310514","Prevotella multisaccharivorax",0.0123456790123457,0,0
"34062","Moraxella osloensis",0.0123456790123457,0,0.00622222222222222
"1351","Enterococcus faecalis",0.0123456790123457,0,0.409185185185185
"1310","Streptococcus sobrinus",0.0123456790123457,0,0.00148148148148148
"480","Moraxella catarrhalis",0.0123456790123457,0,0.000592592592592593
"39498","[Eubacterium] yurii",0.0123456790123457,0,0
"267212","Neisseria bacilliformis",0.0123456790123457,0,0
"1308","Streptococcus thermophilus",0.0123456790123457,0,0.230222222222222
"106648","Acinetobacter bereziniae",0.0123456790123457,0,0.00237037037037037
"225324","Enhydrobacter aerosaccus",0.0123456790123457,0,0.00474074074074074
"1270","Micrococcus luteus",0.0123456790123457,0,0.00562962962962963
"41276","Brevundimonas vesicularis",0.0123456790123457,0,0.000296296296296296
"1077255","Agitococcus lubricus",0.0123456790123457,0,0.000296296296296296
"82203","Centipeda periodontii",0.0123456790123457,0,0
"76123","Prevotella enoeca",0.0123456790123457,0,0
"157692","Pseudoleptotrichia goodfellowii",0.0123456790123457,0,0
"1391911","Micrococcus aloeverae",0.0123456790123457,0,0.00266666666666667
"2081962","Prevotella sp. oral taxon 820",0.0123456790123457,0,0
"40324","Stenotrophomonas maltophilia",0.0123456790123457,0,0.00651851851851852
"1703337","Prevotella colorans",0.0123456790123457,0,0.00296296296296296
"37923","Rothia kristinae",0.0123456790123457,0,0.00207407407407407
"200","Campylobacter curvus",0.0123456790123457,0,0.000888888888888889
"1381","Atopobium minutum",0.0123456790123457,0,0.00740740740740741
"70346","Acinetobacter variabilis",0.0123456790123457,0,0.000296296296296296
"108981","Acinetobacter schindleri",0.0123456790123457,0,0.000592592592592593
"1284775","Prevotella sp. S7-1-8",0.0123456790123457,0,0.00177777777777778
"504","Kingella kingae",0.0123456790123457,0,0
"38303","Corynebacterium pseudogenitalium",0.0123456790123457,0,0.00385185185185185
"1283","Staphylococcus haemolyticus",0.0123456790123457,0,0.0648888888888889
"184870","Varibaculum cambriense",0.0123456790123457,0,0.0462222222222222
"54005","Peptoniphilus harei",0.0123456790123457,0,0.0204444444444444
"620903","Negativicoccus succinicivorans",0.0123456790123457,0,0.0257777777777778
"1528099","Lawsonella clevelandensis",0.0123456790123457,0,0.00622222222222222
"103621","Actinomyces urogenitalis",0.0123456790123457,0,0.0482962962962963
"43765","Corynebacterium amycolatum",0.0123456790123457,0,0.0145185185185185
"161879","Corynebacterium kroppenstedtii",0.0123456790123457,0,0.0388148148148148
"273371","Candida orthopsilosis",0.0123456790123457,0,0.000592592592592593
"5482","Candida tropicalis",0.0123456790123457,0,0.00177777777777778
"33012","Propionimicrobium lymphophilum",0.0123456790123457,0,0.00474074074074074
"1263109","Streptococcus salivarius CAG:79",0.0123456790123457,0,0.00533333333333333
"40215","Acinetobacter junii",0.0123456790123457,0,0.00296296296296296
"1407071","Acinetobacter sp. TGL-Y2",0.0123456790123457,0,0.000296296296296296
"285","Comamonas testosteroni",0.0123456790123457,0,0.000296296296296296
"56689","Mycolicibacterium mucogenicum",0.0123456790123457,0,0.00118518518518519
"418223","Methylobacterium phyllosphaerae",0.0123456790123457,0,0.00296296296296296
"54007","Anaerococcus octavius",0.0123456790123457,0,0.013037037037037
"1755241","Anaerococcus nagyae",0.0123456790123457,0,0.00207407407407407
"598660","Corynebacterium pyruviciproducens",0.0123456790123457,0,0.00148148148148148
"1676617","Ralstonia sp. MD27",0.0123456790123457,0,0
"190721","Ralstonia insidiosa",0.0123456790123457,0,0
"1842540","Methyloversatilis sp. RAC08",0.0123456790123457,0,0
"1917820","Leptospira johnsonii",0.0123456790123457,0,0
"74313","Brevundimonas subvibrioides",0.0123456790123457,0,0
"447106","Leptospira licerasiae",0.0123456790123457,0,0
"1126627","Bradyrhizobium sp. DOA9",0.0123456790123457,0,0
"548","Klebsiella aerogenes",0,1,0.0142222222222222
"33038","[Ruminococcus] gnavus",0,0,0.402962962962963
"823","Parabacteroides distasonis",0,0,0.370074074074074
"292800","Flavonifractor plautii",0,0,0.365037037037037
"84112","Eggerthella lenta",0,0,0.350222222222222
"817","Bacteroides fragilis",0,0,0.342814814814815
"649756","Anaerostipes hadrus",0,0,0.33837037037037
"471189","Gordonibacter pamelaeae",0,0,0.328888888888889
"261299","Intestinibacter bartlettii",0,0,0.300148148148148
"1150298","Fusicatenibacter saccharivorans",0,0,0.291259259259259
"1547","Erysipelatoclostridium ramosum",0,0,0.279111111111111
"218139","Aeriscardovia aeriphila",0,0,0.265777777777778
"47678","Bacteroides caccae",0,0,0.253333333333333
"573","Klebsiella pneumoniae",0,0,0.248
"1522","[Clostridium] innocuum",0,0,0.242962962962963
"818","Bacteroides thetaiotaomicron",0,0,0.237333333333333
"39488","Anaerobutyricum hallii",0,0,0.231407407407407
"1628085","Agathobaculum butyriciproducens",0,0,0.219555555555556
"39486","Dorea formicigenerans",0,0,0.20562962962963
"46503","Parabacteroides merdae",0,0,0.195851851851852
"214856","Alistipes finegoldii",0,0,0.192
"147207","Collinsella intestinalis",0,0,0.192
"208479","Enterocloster bolteae",0,0,0.191111111111111
"40520","Blautia obeum",0,0,0.187555555555556
"371601","Bacteroides xylanisolvens",0,0,0.180444444444444
"1262889","Eubacterium sp. CAG:38",0,0,0.176592592592593
"154046","Hungatella hathewayi",0,0,0.176296296296296
"244366","Klebsiella variicola",0,0,0.176
"28117","Alistipes putredinis",0,0,0.176
"35833","Bilophila wadsworthia",0,0,0.165333333333333
"410072","Coprococcus comes",0,0,0.164148148148148
"28118","Odoribacter splanchnicus",0,0,0.162666666666667
"46506","Bacteroides stercoris",0,0,0.16237037037037
"1689","Bifidobacterium dentium",0,0,0.160888888888889
"1502","Clostridium perfringens",0,0,0.153481481481481
"1160721","Ruminococcus bicirculans",0,0,0.153481481481481
"1512","[Clostridium] symbiosum",0,0,0.145777777777778
"1262992","Firmicutes bacterium CAG:83",0,0,0.145777777777778
"47715","Lacticaseibacillus rhamnosus",0,0,0.144296296296296
"46228","[Ruminococcus] lactaris",0,0,0.141333333333333
"1897011","Oscillibacter sp. 57_20",0,0,0.132148148148148
"328814","Alistipes shahii",0,0,0.125333333333333
"1134687","Klebsiella michiganensis",0,0,0.125037037037037
"29363","Clostridium paraputrificum",0,0,0.124740740740741
"1653434","Sellimonas intestinalis",0,0,0.122666666666667
"487175","Parasutterella excrementihominis",0,0,0.12237037037037
"39492","[Eubacterium] siraeum",0,0,0.119407407407407
"487174","Barnesiella intestinihominis",0,0,0.116740740740741
"116085","Coprococcus catus",0,0,0.112592592592593
"1262911","Oscillibacter sp. CAG:241",0,0,0.112296296296296
"572010","Slackia isoflavoniconvertens",0,0,0.110814814814815
"39490","Eubacterium ramulus",0,0,0.110518518518519
"1472761","Enorma massiliensis",0,0,0.109037037037037
"169435","Anaerotruncus colihominis",0,0,0.108148148148148
"1686","Bifidobacterium catenulatum",0,0,0.105777777777778
"1531","Enterocloster clostridioformis",0,0,0.103703703703704
"1297617","Intestinimonas butyriciproducens",0,0,0.101037037037037
"39496","Eubacterium ventriosum",0,0,0.100740740740741
"358743","Enterocloster citroniae",0,0,0.0977777777777778
"1262882","Eubacterium sp. CAG:180",0,0,0.0951111111111111
"1352","Enterococcus faecium",0,0,0.093037037037037
"1358","Lactococcus lactis",0,0,0.0912592592592593
"100884","Coprobacillus cateniformis",0,0,0.0888888888888889
"358742","Enterocloster aldenensis",0,0,0.0871111111111111
"1535","[Clostridium] leptum",0,0,0.0868148148148148
"2108523","Lawsonibacter asaccharolyticus",0,0,0.0865185185185185
"1262986","Proteobacteria bacterium CAG:139",0,0,0.0862222222222222
"133448","Citrobacter youngae",0,0,0.0847407407407407
"546","Citrobacter freundii",0,0,0.0841481481481482
"674529","Bacteroides faecis",0,0,0.0835555555555555
"137838","Clostridium neonatale",0,0,0.0802962962962963
"1262948","Roseburia sp. CAG:471",0,0,0.0797037037037037
"29348","[Clostridium] spiroforme",0,0,0.0794074074074074
"1263064","Clostridium bolteae CAG:59",0,0,0.0788148148148148
"1796652","Turicimonas muris",0,0,0.0785185185185185
"446660","Adlercreutzia equolifaciens",0,0,0.0773333333333333
"29361","Tyzzerella nexilis",0,0,0.0764444444444444
"33010","Cutibacterium avidum",0,0,0.0728888888888889
"33945","Enterococcus avium",0,0,0.0725925925925926
"246787","Bacteroides cellulosilyticus",0,0,0.0717037037037037
"1262824","Clostridium sp. CAG:58",0,0,0.0714074074074074
"671266","Adlercreutzia caecimuris",0,0,0.0705185185185185
"1496","Clostridioides difficile",0,0,0.0675555555555555
"1353","Enterococcus gallinarum",0,0,0.0672592592592593
"154288","Turicibacter sanguinis",0,0,0.0657777777777778
"84024","Clostridium disporicum",0,0,0.0625185185185185
"33025","Phascolarctobacterium faecium",0,0,0.0622222222222222
"1299998","Tractidigestivibacter scatoligenes",0,0,0.0613333333333333
"1432052","Eisenbergiella tayi",0,0,0.0607407407407407
"100886","Catenibacterium mitsuokai",0,0,0.0595555555555556
"1502943","Veillonella seminalis",0,0,0.058962962962963
"204516","Phocaeicola massiliensis",0,0,0.058962962962963
"1965604","Anaeromassilibacillus sp. An250",0,0,0.0586666666666667
"1263000","Firmicutes bacterium CAG:110",0,0,0.0580740740740741
"1262942","Roseburia sp. CAG:182",0,0,0.0577777777777778
"706562","Lactobacillus rogosae",0,0,0.0574814814814815
"28025","Bifidobacterium animalis",0,0,0.0554074074074074
"150055","Streptococcus lutetiensis",0,0,0.0554074074074074
"338188","Bacteroides finegoldii",0,0,0.0542222222222222
"1262756","Blautia sp. CAG:257",0,0,0.0536296296296296
"28111","Bacteroides eggerthii",0,0,0.0494814814814815
"460384","Enterocloster lavalensis",0,0,0.0494814814814815
"457396","Clostridium sp. 7_2_43FAA",0,0,0.0488888888888889
"454155","Paraprevotella xylaniphila",0,0,0.0482962962962963
"61171","Holdemania filiformis",0,0,0.0482962962962963
"310297","Phocaeicola plebeius",0,0,0.048
"626932","Alistipes indistinctus",0,0,0.048
"1720294","Eisenbergiella massiliensis",0,0,0.048
"1262777","Clostridium sp. CAG:167",0,0,0.0462222222222222
"544645","Butyricimonas virosa",0,0,0.0459259259259259
"901","Desulfovibrio piger",0,0,0.0459259259259259
"105841","Anaerostipes caccae",0,0,0.0447407407407407
"1263044","Bacteroides faecis CAG:32",0,0,0.0441481481481481
"985002","Staphylococcus argenteus",0,0,0.0438518518518519
"40519","Ruminococcus callidus",0,0,0.0435555555555556
"1262988","Firmicutes bacterium CAG:95",0,0,0.042962962962963
"53345","Enterococcus durans",0,0,0.0411851851851852
"1115758","Romboutsia ilealis",0,0,0.0408888888888889
"384639","Bacteroides galacturonicus",0,0,0.04
"1262888","Eubacterium sp. CAG:274",0,0,0.0397037037037037
"1099853","Coprobacter fastidiosus",0,0,0.0388148148148148
"1263006","Firmicutes bacterium CAG:170",0,0,0.0379259259259259
"1262816","Clostridium sp. CAG:510",0,0,0.0373333333333333
"2173","Methanobrevibacter smithii",0,0,0.037037037037037
"328812","Parabacteroides goldsteinii",0,0,0.0358518518518519
"2022527","Prevotella sp. 885",0,0,0.0358518518518519
"1262945","Roseburia sp. CAG:309",0,0,0.0334814814814815
"1590","Lactiplantibacillus plantarum",0,0,0.0331851851851852
"197614","Streptococcus pasteurianus",0,0,0.0328888888888889
"333367","Enterocloster asparagiformis",0,0,0.0322962962962963
"1034346","Dielma fastidiosa",0,0,0.0322962962962963
"131111","Schaalia turicensis",0,0,0.0317037037037037
"584","Proteus mirabilis",0,0,0.0311111111111111
"37637","Corynebacterium pseudodiphtheriticum",0,0,0.0308148148148148
"1532","Blautia coccoides",0,0,0.0305185185185185
"1263005","Firmicutes bacterium CAG:145",0,0,0.0299259259259259
"33037","Anaerococcus vaginalis",0,0,0.0299259259259259
"1981510","Monoglobus pectinilyticus",0,0,0.0296296296296296
"1563222","Citrobacter pasteurii",0,0,0.0293333333333333
"1683","Bifidobacterium angulatum",0,0,0.0287407407407407
"907","Megasphaera elsdenii",0,0,0.0287407407407407
"291644","Bacteroides salyersiae",0,0,0.0284444444444444
"1262700","Anaerotruncus sp. CAG:528",0,0,0.0281481481481481
"329854","Bacteroides intestinalis",0,0,0.0278518518518519
"2292352","Eubacterium sp. OM08-24",0,0,0.0278518518518519
"1262959","Ruminococcus sp. CAG:488",0,0,0.0272592592592593
"57706","Citrobacter braakii",0,0,0.0272592592592593
"131110","Schaalia radingae",0,0,0.026962962962963
"1262954","Ruminococcus sp. CAG:330",0,0,0.0266666666666667
"1262785","Clostridium sp. CAG:253",0,0,0.0266666666666667
"1311","Streptococcus agalactiae",0,0,0.0263703703703704
"544644","Butyricimonas synergistica",0,0,0.0257777777777778
"84030","Lacrimispora saccharolytica",0,0,0.0254814814814815
"626929","Bacteroides clarus",0,0,0.0245925925925926
"1501391","Alistipes inops",0,0,0.0245925925925926
"29347","[Clostridium] scindens",0,0,0.0242962962962963
"1262761","Butyrivibrio sp. CAG:318",0,0,0.024
"209880","Allisonella histaminiformans",0,0,0.0237037037037037
"1492","Clostridium butyricum",0,0,0.0228148148148148
"387661","Parabacteroides johnsonii",0,0,0.0228148148148148
"1322","Blautia hansenii",0,0,0.0225185185185185
"310298","Phocaeicola coprocola",0,0,0.0222222222222222
"33035","Blautia producta",0,0,0.0219259259259259
"1262741","Bacteroides sp. CAG:530",0,0,0.0219259259259259
"575","Raoultella planticola",0,0,0.0216296296296296
"1262989","Firmicutes bacterium CAG:94",0,0,0.0216296296296296
"454154","Paraprevotella clara",0,0,0.0213333333333333
"1579","Lactobacillus acidophilus",0,0,0.0213333333333333
"1267","Sarcina ventriculi",0,0,0.0201481481481481
"1583","Weissella confusa",0,0,0.0198518518518519
"102684","Streptococcus infantarius",0,0,0.0198518518518519
"1262792","Clostridium sp. CAG:299",0,0,0.0195555555555556
"1965576","Pseudoflavonifractor sp. An184",0,0,0.0192592592592593
"1263107","Ruminococcus obeum CAG:39",0,0,0.0192592592592593
"67827","Citrobacter werkmanii",0,0,0.018962962962963
"291645","Bacteroides nordii",0,0,0.0186666666666667
"552398","Ruminococcaceae bacterium D16",0,0,0.0186666666666667
"1262944","Roseburia sp. CAG:303",0,0,0.0186666666666667
"160404","Anaerotignum lactatifermentans",0,0,0.0186666666666667
"79604","Denitrobacterium detoxificans",0,0,0.0186666666666667
"1262993","Firmicutes bacterium CAG:791",0,0,0.0183703703703704
"1263011","Firmicutes bacterium CAG:238",0,0,0.0180740740740741
"328813","Alistipes onderdonkii",0,0,0.0177777777777778
"29394","Dolosigranulum pigrum",0,0,0.0171851851851852
"1105031","Clostridium sp. MSTE9",0,0,0.0168888888888889
"501571","Butyricicoccus pullicaecorum",0,0,0.0168888888888889
"545","Citrobacter koseri",0,0,0.0168888888888889
"52226","Mitsuokella multacida",0,0,0.0165925925925926
"1776081","Megasphaera sp. DISK 18",0,0,0.0165925925925926
"1262995","Firmicutes bacterium CAG:646",0,0,0.0165925925925926
"97478","Limosilactobacillus mucosae",0,0,0.0165925925925926
"54291","Raoultella ornithinolytica",0,0,0.0162962962962963
"944036","Blastocystis sp. subtype 1",0,0,0.0162962962962963
"1262961","Ruminococcus sp. CAG:563",0,0,0.0162962962962963
"172901","Victivallis vadensis",0,0,0.016
"329","Ralstonia pickettii",0,0,0.016
"1501392","Coprobacter secundus",0,0,0.0157037037037037
"1262830","Clostridium sp. CAG:632",0,0,0.0154074074074074
"28128","Prevotella corporis",0,0,0.0151111111111111
"183417","Proteus hauseri",0,0,0.0148148148148148
"1262958","Ruminococcus sp. CAG:403",0,0,0.0145185185185185
"1504536","Robinsoniella sp. RHS",0,0,0.0145185185185185
"1292","Staphylococcus warneri",0,0,0.0145185185185185
"187327","Acidaminococcus intestini",0,0,0.0142222222222222
"1263022","Firmicutes bacterium CAG:424",0,0,0.0142222222222222
"1639133","Citrobacter portucalensis",0,0,0.0142222222222222
"35703","Citrobacter amalonaticus",0,0,0.0142222222222222
"5480","Candida parapsilosis",0,0,0.0139259259259259
"1245","Leuconostoc mesenteroides",0,0,0.0136296296296296
"1603888","Megasphaera sp. MJR8396C",0,0,0.0133333333333333
"28130","Prevotella disiens",0,0,0.013037037037037
"167","Treponema succinifaciens",0,0,0.013037037037037
"1262803","Clostridium sp. CAG:413",0,0,0.0127407407407407
"1736","Eubacterium limosum",0,0,0.0127407407407407
"1263086","Megamonas funiformis CAG:377",0,0,0.0127407407407407
"502393","Gemella asaccharolytica",0,0,0.0127407407407407
"1262873","Dorea sp. CAG:317",0,0,0.0127407407407407
"290054","Eubacterium coprostanoligenes",0,0,0.0127407407407407
"1262825","Clostridium sp. CAG:590",0,0,0.0127407407407407
"1263027","Firmicutes bacterium CAG:534",0,0,0.0124444444444444
"1262739","Bacteroides sp. CAG:443",0,0,0.0124444444444444
"146827","Corynebacterium simulans",0,0,0.0124444444444444
"270498","Christensenella hongkongensis",0,0,0.0121481481481481
"67824","Citrobacter farmeri",0,0,0.0121481481481481
"626937","Christensenella minuta",0,0,0.0118518518518519
"384638","[Bacteroides] pectinophilus",0,0,0.0118518518518519
"36740","Dermabacter hominis",0,0,0.0115555555555556
"187979","Mitsuokella jalaludinii",0,0,0.010962962962963
"1263076","Eubacterium dolichum CAG:375",0,0,0.010962962962963
"31971","Amedibacillus dolichus",0,0,0.010962962962963
"457421","Clostridiales bacterium 1_7_47FAA",0,0,0.010962962962963
"582","Morganella morganii",0,0,0.010962962962963
"28123","Porphyromonas asaccharolytica",0,0,0.0106666666666667
"1624","Ligilactobacillus salivarius",0,0,0.0106666666666667
"1514105","Erysipelothrix larvae",0,0,0.0106666666666667
"1561","Clostridium baratii",0,0,0.0106666666666667
"322505","Sharpea azabuensis",0,0,0.0106666666666667
"1584","Lactobacillus delbrueckii",0,0,0.0103703703703704
"1574263","Candidatus Stoquefichus sp. KLE1796",0,0,0.0103703703703704
"1262936","Prevotella sp. CAG:873",0,0,0.0103703703703704
"158787","Bifidobacterium scardovii",0,0,0.0103703703703704
"1580","Levilactobacillus brevis",0,0,0.0100740740740741
"2049043","Desulfovibrionaceae bacterium",0,0,0.00977777777777778
"137591","Weissella cibaria",0,0,0.00918518518518519
"1262963","Ruminococcus sp. CAG:579",0,0,0.00918518518518519
"160453","Enterococcus gilvus",0,0,0.00918518518518519
"152331","Lentilactobacillus parabuchneri",0,0,0.00918518518518519
"108980","Acinetobacter ursingii",0,0,0.00888888888888889
"1262848","Clostridium sp. CAG:964",0,0,0.00859259259259259
"615","Serratia marcescens",0,0,0.00859259259259259
"565","Atlantibacter hermannii",0,0,0.00859259259259259
"1598","Limosilactobacillus reuteri",0,0,0.0082962962962963
"225992","Comamonas kerstersii",0,0,0.0082962962962963
"1633","Limosilactobacillus vaginalis",0,0,0.0082962962962963
"1895907","Dysgonomonas sp. 37-18",0,0,0.0082962962962963
"1566387","Mesorhizobium hungaricum",0,0,0.0082962962962963
"1323","Faecalicoccus pleomorphus",0,0,0.008
"53443","Blautia hydrogenotrophica",0,0,0.008
"1577792","Terrisporobacter othiniensis",0,0,0.008
"85698","Achromobacter xylosoxidans",0,0,0.008
"1499973","Escherichia marmotae",0,0,0.0077037037037037
"556261","Clostridium sp. D5",0,0,0.0077037037037037
"850","Fusobacterium mortiferum",0,0,0.0077037037037037
"539813","Enterobacter mori",0,0,0.00740740740740741
"78448","Bifidobacterium pullorum",0,0,0.00740740740740741
"163665","Dysgonomonas mossii",0,0,0.00740740740740741
"156974","Dysgonomonas gadei",0,0,0.00740740740740741
"1262736","Bacteroides sp. CAG:144",0,0,0.00711111111111111
"387090","Phocaeicola coprophilus",0,0,0.00711111111111111
"1940789","Lactococcus petauri",0,0,0.00711111111111111
"1246","Leuconostoc lactis",0,0,0.00711111111111111
"1686381","Citrobacter sp. MGH106",0,0,0.00711111111111111
"52584","Brachyspira pilosicoli",0,0,0.00711111111111111
"1354","Enterococcus hirae",0,0,0.00711111111111111
"1870995","Actinotignum timonense",0,0,0.00711111111111111
"1262965","Ruminococcus sp. CAG:624",0,0,0.00681481481481482
"1262869","Dialister sp. CAG:357",0,0,0.00681481481481482
"1776392","Massilimicrobiota timonensis",0,0,0.00681481481481482
"83655","Leclercia adecarboxylata",0,0,0.00681481481481482
"197","Campylobacter jejuni",0,0,0.00681481481481482
"246144","Enterococcus italicus",0,0,0.00681481481481482
"1262980","Veillonella sp. CAG:933",0,0,0.00681481481481482
"281920","Porphyromonas uenonis",0,0,0.00651851851851852
"255248","Leuconostoc garlicum",0,0,0.00651851851851852
"71451","Enterococcus malodoratus",0,0,0.00651851851851852
"2317","Methanosphaera stadtmanae",0,0,0.00622222222222222
"1739305","Peptoniphilus sp. HMSC062D09",0,0,0.00622222222222222
"1363","Lactococcus garvieae",0,0,0.00592592592592593
"1262893","Eubacterium sp. CAG:786",0,0,0.00592592592592593
"1529","Clostridium cadaveris",0,0,0.00592592592592593
"648","Aeromonas caviae",0,0,0.00592592592592593
"1262783","Clostridium sp. CAG:242",0,0,0.00562962962962963
"1262937","Prevotella sp. CAG:891",0,0,0.00562962962962963
"1263030","Firmicutes bacterium CAG:555",0,0,0.00562962962962963
"2741","Peptococcus niger",0,0,0.00562962962962963
"1505","Paeniclostridium sordellii",0,0,0.00562962962962963
"71452","Enterococcus raffinosus",0,0,0.00562962962962963
"1520815","Ruminococcaceae bacterium D5",0,0,0.00533333333333333
"1262802","Clostridium sp. CAG:411",0,0,0.00533333333333333
"202789","Actinobaculum massiliense",0,0,0.00533333333333333
"225004","Treponema berlinense",0,0,0.00533333333333333
"515393","Pseudomonas yamanorum",0,0,0.00533333333333333
"1941478","Coprobacter sp.",0,0,0.00503703703703704
"1261635","Roseburia sp. 831b",0,0,0.00503703703703704
"614","Serratia liquefaciens",0,0,0.00503703703703704
"580","Kluyvera cryocrescens",0,0,0.00474074074074074
"1262915","Phascolarctobacterium sp. CAG:266",0,0,0.00474074074074074
"546367","Hafnia paralvei",0,0,0.00474074074074074
"1406512","Candidatus Methanomassiliicoccus intestinalis",0,0,0.00474074074074074
"66228","Gleimia europaea",0,0,0.00474074074074074
"1366","Lactococcus raffinolactis",0,0,0.00474074074074074
"651","Aeromonas media",0,0,0.00474074074074074
"36834","Clostridium celatum",0,0,0.00444444444444444
"33031","Peptoniphilus lacrimalis",0,0,0.00444444444444444
"53442","Eubacterium callanderi",0,0,0.00444444444444444
"742723","Lachnospiraceae bacterium 2_1_46FAA",0,0,0.00444444444444444
"1855371","Phytobacter palmae",0,0,0.00444444444444444
"78258","Parascardovia denticolens",0,0,0.00414814814814815
"1254","Pediococcus acidilactici",0,0,0.00414814814814815
"1965560","Lachnoclostridium sp. An138",0,0,0.00414814814814815
"44742","Desulfovibrio fairfieldensis",0,0,0.00414814814814815
"574930","Parabacteroides gordonii",0,0,0.00414814814814815
"1588755","Parvimonas sp. KA00067",0,0,0.00414814814814815
"1599","Latilactobacillus sakei",0,0,0.00414814814814815
"33964","Leuconostoc citreum",0,0,0.00414814814814815
"208962","Escherichia albertii",0,0,0.00414814814814815
"1898961","[Kluyvera] intestini",0,0,0.00414814814814815
"549685","Bavariicoccus seileri",0,0,0.00414814814814815
"33007","Winkia neuii",0,0,0.00414814814814815
"1694","Bifidobacterium pseudolongum",0,0,0.00385185185185185
"29360","Cellulosilyticum lentocellum",0,0,0.00385185185185185
"33968","Leuconostoc pseudomesenteroides",0,0,0.00385185185185185
"755172","Peptoniphilus coxii",0,0,0.00385185185185185
"44009","Enterococcus dispar",0,0,0.00355555555555556
"1465754","Alistipes timonensis",0,0,0.00355555555555556
"60520","Lactiplantibacillus paraplantarum",0,0,0.00355555555555556
"1111454","Megasphaera vaginalis",0,0,0.00355555555555556
"48296","Acinetobacter pittii",0,0,0.00355555555555556
"28134","Prevotella oralis",0,0,0.00355555555555556
"72000","Kocuria rhizophila",0,0,0.00355555555555556
"487173","Dialister succinatiphilus",0,0,0.00325925925925926
"341220","Lactonifactor longoviformis",0,0,0.00325925925925926
"1255","Pediococcus pentosaceus",0,0,0.00325925925925926
"214853","Anaerofustis stercorihominis",0,0,0.00325925925925926
"1364","Lactococcus piscium",0,0,0.00325925925925926
"315405","Streptococcus gallolyticus",0,0,0.00325925925925926
"149016","Streptococcus urinalis",0,0,0.00325925925925926
"264463","Anaerosporobacter mobilis",0,0,0.00325925925925926
"51288","Kluyvera ascorbata",0,0,0.00325925925925926
"76517","Campylobacter hominis",0,0,0.00296296296296296
"28038","Latilactobacillus curvatus",0,0,0.00296296296296296
"39483","Faecalitalea cylindroides",0,0,0.00296296296296296
"1744","Propionibacterium freudenreichii",0,0,0.00296296296296296
"84026","[Clostridium] methylpentosum",0,0,0.00296296296296296
"2137880","Candidatus Gastranaerophilales bacterium",0,0,0.00296296296296296
"187101","Sneathia vaginalis",0,0,0.00296296296296296
"46507","Ezakiella coagulans",0,0,0.00296296296296296
"89153","[Clostridium] hylemonae",0,0,0.00296296296296296
"1965562","Lachnoclostridium sp. An14",0,0,0.00296296296296296
"1262687","Acidaminococcus sp. CAG:542",0,0,0.00296296296296296
"109790","Lactobacillus jensenii",0,0,0.00296296296296296
"71999","Kocuria palustris",0,0,0.00296296296296296
"1249","Weissella paramesenteroides",0,0,0.00296296296296296
"1581","Lentilactobacillus buchneri",0,0,0.00296296296296296
"1262899","Fusobacterium sp. CAG:439",0,0,0.00266666666666667
"1914243","Citrobacter europaeus",0,0,0.00266666666666667
"4932","Saccharomyces cerevisiae",0,0,0.00266666666666667
"626931","Bacteroides oleiciplenus",0,0,0.00266666666666667
"59505","Actinotignum schaalii",0,0,0.00266666666666667
"33034","Anaerococcus prevotii",0,0,0.00266666666666667
"1916320","Candidatus Gastranaerophilales bacterium HUM_9",0,0,0.00266666666666667
"215","Helicobacter fennelliae",0,0,0.00266666666666667
"1263083","Klebsiella variicola CAG:634",0,0,0.00266666666666667
"45972","Staphylococcus pasteuri",0,0,0.00266666666666667
"1262921","Prevotella sp. CAG:1185",0,0,0.00237037037037037
"33959","Lactobacillus johnsonii",0,0,0.00237037037037037
"569","Hafnia alvei",0,0,0.00237037037037037
"556259","Bacteroides sp. D2",0,0,0.00237037037037037
"78346","Bifidobacterium ruminantium",0,0,0.00237037037037037
"29380","Staphylococcus caprae",0,0,0.00237037037037037
"1527","Anaerocolumna aminovalerica",0,0,0.00237037037037037
"29354","Lacrimispora celerecrescens",0,0,0.00237037037037037
"73098","Kluyvera georgiana",0,0,0.00237037037037037
"237258","Cloacibacterium normanense",0,0,0.00237037037037037
"384636","Hungatella xylanolytica",0,0,0.00237037037037037
"35841","Caldibacillus thermoamylovorans",0,0,0.00237037037037037
"1895781","Mesorhizobium sp. 65-26",0,0,0.00237037037037037
"1547597","Sanguibacteroides justesenii",0,0,0.00207407407407407
"106588","Pseudoflavonifractor capillosus",0,0,0.00207407407407407
"1262913","Parabacteroides sp. CAG:409",0,0,0.00207407407407407
"87541","Aerococcus christensenii",0,0,0.00207407407407407
"1509","Clostridium sporogenes",0,0,0.00207407407407407
"28090","Acinetobacter lwoffii",0,0,0.00207407407407407
"1574624","Cutibacterium namnetense",0,0,0.00207407407407407
"59561","Trueperella bernardiae",0,0,0.00207407407407407
"1849041","Harryflintia acetispora",0,0,0.00177777777777778
"1262753","Bacteroides sp. CAG:927",0,0,0.00177777777777778
"1780379","Clostridiales bacterium CHKCI006",0,0,0.00177777777777778
"884684","Mageeibacillus indolicus",0,0,0.00177777777777778
"1588751","Tissierellia bacterium KA00581",0,0,0.00177777777777778
"1965555","Lachnoclostridium sp. An131",0,0,0.00177777777777778
"1335","Streptococcus equinus",0,0,0.00177777777777778
"33036","Anaerococcus tetradius",0,0,0.00177777777777778
"1544","Faecalicatena orotica",0,0,0.00177777777777778
"69966","Macrococcus caseolyticus",0,0,0.00177777777777778
"881260","Enterobacter bugandensis",0,0,0.00177777777777778
"1965570","Anaeromassilibacillus sp. An172",0,0,0.00177777777777778
"856","Fusobacterium varium",0,0,0.00177777777777778
"213","Helicobacter cinaedi",0,0,0.00177777777777778
"1491","Clostridium botulinum",0,0,0.00177777777777778
"57480","Microvirgula aerodenitrificans",0,0,0.00177777777777778
"113287","Pseudoramibacter alactolyticus",0,0,0.00177777777777778
"33029","Anaerococcus hydrogenalis",0,0,0.00177777777777778
"566","Pseudescherichia vulneris",0,0,0.00177777777777778
"38304","Corynebacterium tuberculostearicum",0,0,0.00177777777777778
"1834178","Enterococcus sp. 3H8_DIV0648",0,0,0.00177777777777778
"1907779","Pediococcus sp.",0,0,0.00177777777777778
"481720","Lentilactobacillus otakiensis",0,0,0.00177777777777778
"356829","Bifidobacterium tsurumiense",0,0,0.00177777777777778
"905","Acidaminococcus fermentans",0,0,0.00148148148148148
"134821","Ureaplasma parvum",0,0,0.00148148148148148
"871325","Bacteroides faecichinchillae",0,0,0.00148148148148148
"1487","[Butyribacterium] methylotrophicum",0,0,0.00148148148148148
"28080","Campylobacter upsaliensis",0,0,0.00148148148148148
"1912897","Blautia argi",0,0,0.00148148148148148
"626938","Succinatimonas hippei",0,0,0.00148148148148148
"1965547","Lachnoclostridium sp. An118",0,0,0.00148148148148148
"630","Yersinia enterocolitica",0,0,0.00148148148148148
"69824","[Clostridium] cocleatum",0,0,0.00148148148148148
"42374","Candida dubliniensis",0,0,0.00148148148148148
"317010","Enterococcus canintestini",0,0,0.00148148148148148
"1630135","Dermabacter vaginalis",0,0,0.00148148148148148
"59310","Streptococcus macedonicus",0,0,0.00148148148148148
"587","Providencia rettgeri",0,0,0.00148148148148148
"357240","Franconibacter helveticus",0,0,0.00148148148148148
"2058152","Klebsiella grimontii",0,0,0.00148148148148148
"472694","Pantoea brenneri",0,0,0.00148148148148148
"321662","Pseudomonas moraviensis",0,0,0.00148148148148148
"876478","Tepidiphilus thermophilus",0,0,0.00148148148148148
"297","Hydrogenophilus thermoluteolus",0,0,0.00148148148148148
"1507807","Acinetobacter idrijaensis",0,0,0.00148148148148148
"585","Proteus vulgaris",0,0,0.00148148148148148
"227944","Lactobacillus kalixensis",0,0,0.00148148148148148
"171523","Lacticaseibacillus pantheris",0,0,0.00148148148148148
"481719","Lentilactobacillus sunkii",0,0,0.00148148148148148
"390842","Lentilactobacillus parafarraginis",0,0,0.00148148148148148
"861","Fusobacterium ulcerans",0,0,0.00118518518518519
"507750","Peptoniphilus duerdenii",0,0,0.00118518518518519
"1965588","Anaerofilum sp. An201",0,0,0.00118518518518519
"361872","Helicobacter equorum",0,0,0.00118518518518519
"1077256","Methanosphaera cuniculi",0,0,0.00118518518518519
"227942","Limosilactobacillus gastricus",0,0,0.00118518518518519
"638849","Pyramidobacter piscolens",0,0,0.00118518518518519
"1262740","Bacteroides sp. CAG:462",0,0,0.00118518518518519
"78345","Bifidobacterium merycicum",0,0,0.00118518518518519
"242750","Prevotella bergensis",0,0,0.00118518518518519
"1625","Fructilactobacillus sanfranciscensis",0,0,0.00118518518518519
"556499","Propionibacterium acidifaciens",0,0,0.00118518518518519
"1096246","Hungatella effluvii",0,0,0.00118518518518519
"313439","Streptococcus massiliensis",0,0,0.00118518518518519
"228229","Ligilactobacillus saerimneri",0,0,0.00118518518518519
"89152","Peptacetobacter hiranonis",0,0,0.00118518518518519
"169292","Corynebacterium aurimucosum",0,0,0.00118518518518519
"180282","Delftia tsuruhatensis",0,0,0.00118518518518519
"1972431","Phytobacter ursingii",0,0,0.00118518518518519
"28141","Cronobacter sakazakii",0,0,0.00118518518518519
"188913","Cetobacterium somerae",0,0,0.00118518518518519
"332186","Shewanella xiamenensis",0,0,0.00118518518518519
"84031","Clostridium sartagoforme",0,0,0.00118518518518519
"13690","Sphingobium yanoikuyae",0,0,0.00118518518518519
"86185","Pseudomonas lundensis",0,0,0.00118518518518519
"76773","Malassezia globosa",0,0,0.00118518518518519
"862134","Sphingomonas ginsenosidimutans",0,0,0.00118518518518519
"115561","Halomonas hydrothermalis",0,0,0.00118518518518519
"43770","Corynebacterium striatum",0,0,0.00118518518518519
"176291","Paucilactobacillus vaccinostercus",0,0,0.00118518518518519
"1261637","Anaerostipes sp. 992a",0,0,0.00118518518518519
"54062","Pediococcus parvulus",0,0,0.00118518518518519
"996558","Caldibacillus hisashii",0,0,0.00118518518518519
"847","Oxalobacter formigenes",0,0,0.000888888888888889
"1197717","Cloacibacillus porcorum",0,0,0.000888888888888889
"1965631","Alistipes sp. An31A",0,0,0.000888888888888889
"1588754","Veillonellaceae bacterium DNF00626",0,0,0.000888888888888889
"1337051","Murimonas intestini",0,0,0.000888888888888889
"671267","Phocaeicola sartorii",0,0,0.000888888888888889
"2292284","Bacteroides sp. OM08-11",0,0,0.000888888888888889
"658665","Dorea sp. D27",0,0,0.000888888888888889
"871324","Bacteroides stercorirosoris",0,0,0.000888888888888889
"1965542","Eubacterium sp. An11",0,0,0.000888888888888889
"33032","Anaerococcus lactolyticus",0,0,0.000888888888888889
"1262927","Prevotella sp. CAG:485",0,0,0.000888888888888889
"1605","Ligilactobacillus animalis",0,0,0.000888888888888889
"1587","Lactobacillus helveticus",0,0,0.000888888888888889
"1727","Corynebacterium variabile",0,0,0.000888888888888889
"1965575","Lachnoclostridium sp. An181",0,0,0.000888888888888889
"1490","Paraclostridium bifermentans",0,0,0.000888888888888889
"2022662","Superficieibacter electus",0,0,0.000888888888888889
"108486","Corynebacterium falsenii",0,0,0.000888888888888889
"2041044","Eubacterium maltosivorans",0,0,0.000888888888888889
"106649","Acinetobacter guillouiae",0,0,0.000888888888888889
"396323","Acinetobacter brisouii",0,0,0.000888888888888889
"644","Aeromonas hydrophila",0,0,0.000888888888888889
"61648","Kluyvera intermedia",0,0,0.000888888888888889
"61647","Pluralibacter gergoviae",0,0,0.000888888888888889
"665913","Mixta calida",0,0,0.000888888888888889
"70863","Shewanella oneidensis",0,0,0.000888888888888889
"2039","Tropheryma whipplei",0,0,0.000888888888888889
"44008","Enterococcus cecorum",0,0,0.000888888888888889
"202956","Acinetobacter towneri",0,0,0.000888888888888889
"80878","Acidovorax temperans",0,0,0.000888888888888889
"1759072","Sphingopyxis sp. H050",0,0,0.000888888888888889
"155892","Caulobacter vibrioides",0,0,0.000888888888888889
"126385","Providencia alcalifaciens",0,0,0.000888888888888889
"93969","Cryptosporidium meleagridis",0,0,0.000888888888888889
"304207","Schleiferilactobacillus harbinensis",0,0,0.000888888888888889
"66219","Lachnoclostridium phytofermentans",0,0,0.000888888888888889
"477666","Bacteroides graminisolvens",0,0,0.000888888888888889
"481723","Lentilactobacillus rapi",0,0,0.000888888888888889
"1945521","Psychrobacter piechaudii",0,0,0.000888888888888889
"2144175","Megasphaera stantonii",0,0,0.000592592592592593
"1855299","Oscillibacter sp. PC13",0,0,0.000592592592592593
"1780381","Eubacteriaceae bacterium CHKCI005",0,0,0.000592592592592593
"419005","Prevotella amnii",0,0,0.000592592592592593
"2051","Mobiluncus curtisii",0,0,0.000592592592592593
"28264","Arcanobacterium haemolyticum",0,0,0.000592592592592593
"1262831","Clostridium sp. CAG:678",0,0,0.000592592592592593
"77917","Fusobacterium naviforme",0,0,0.000592592592592593
"1965618","Desulfovibrio sp. An276",0,0,0.000592592592592593
"1219626","Peptostreptococcus sp. MV1",0,0,0.000592592592592593
"1244","Leuconostoc gelidum",0,0,0.000592592592592593
"1262933","Prevotella sp. CAG:617",0,0,0.000592592592592593
"849","Fusobacterium gonidiaformans",0,0,0.000592592592592593
"2098","Metamycoplasma hominis",0,0,0.000592592592592593
"1796646","Muribaculum intestinale",0,0,0.000592592592592593
"1348","Streptococcus parauberis",0,0,0.000592592592592593
"28197","Aliarcobacter butzleri",0,0,0.000592592592592593
"1629","Weissella viridescens",0,0,0.000592592592592593
"296","Pseudomonas fragi",0,0,0.000592592592592593
"134605","Fusobacterium equinum",0,0,0.000592592592592593
"61652","Serratia rubidaea",0,0,0.000592592592592593
"1604","Lactobacillus amylovorus",0,0,0.000592592592592593
"246432","Staphylococcus equorum",0,0,0.000592592592592593
"1288","Staphylococcus xylosus",0,0,0.000592592592592593
"1601","Ligilactobacillus agilis",0,0,0.000592592592592593
"2748","Carnobacterium divergens",0,0,0.000592592592592593
"491921","Megamonas rupellensis",0,0,0.000592592592592593
"46681","Entamoeba dispar",0,0,0.000592592592592593
"39482","Faecalicatena contorta",0,0,0.000592592592592593
"1965654","Lachnoclostridium sp. An76",0,0,0.000592592592592593
"37372","Helicobacter bilis",0,0,0.000592592592592593
"28031","Lysinibacillus fusiformis",0,0,0.000592592592592593
"1421","Lysinibacillus sphaericus",0,0,0.000592592592592593
"100468","Schleiferilactobacillus perolens",0,0,0.000592592592592593
"1276936","Staphylococcus petrasii",0,0,0.000592592592592593
"253","Chryseobacterium indologenes",0,0,0.000592592592592593
"487316","Acinetobacter soli",0,0,0.000592592592592593
"122202","Gordonia jacobaea",0,0,0.000592592592592593
"5759","Entamoeba histolytica",0,0,0.000592592592592593
"564","Escherichia fergusonii",0,0,0.000592592592592593
"421530","Epilithonimonas bovis",0,0,0.000592592592592593
"1895745","Chryseobacterium sp. 39-10",0,0,0.000592592592592593
"1589","Lactiplantibacillus pentosus",0,0,0.000592592592592593
"59814","Pantoea dispersa",0,0,0.000592592592592593
"106654","Acinetobacter nosocomialis",0,0,0.000592592592592593
"2293110","Melissococcus sp. OM08-11BH",0,0,0.000592592592592593
"470","Acinetobacter baumannii",0,0,0.000592592592592593
"39791","Corynebacterium glucuronolyticum",0,0,0.000592592592592593
"577","Raoultella terrigena",0,0,0.000592592592592593
"33962","Lentilactobacillus kefiri",0,0,0.000592592592592593
"1276","Kytococcus sedentarius",0,0,0.000592592592592593
"722472","Bradyrhizobium lablabi",0,0,0.000592592592592593
"38286","Corynebacterium afermentans",0,0,0.000592592592592593
"68259","Streptomyces purpurogeneiscleroticus",0,0,0.000592592592592593
"101564","Pseudomonas alcaliphila",0,0,0.000592592592592593
"648995","Rhizobium pusense",0,0,0.000592592592592593
"147645","Paracoccus yeei",0,0,0.000592592592592593
"529","Brucella anthropi",0,0,0.000592592592592593
"86188","Stenotrophomonas geniculata",0,0,0.000592592592592593
"2032623","Paracoccus salipaludis",0,0,0.000592592592592593
"551936","Bradyrhizobium sp. STM 3809",0,0,0.000592592592592593
"1002339","Psychrobacter sp. 1501(2011)",0,0,0.000592592592592593
"654","Aeromonas veronii",0,0,0.000592592592592593
"237895","Cryptosporidium hominis",0,0,0.000592592592592593
"5807","Cryptosporidium parvum",0,0,0.000592592592592593
"319970","Enterococcus devriesei",0,0,0.000592592592592593
"1965632","Bacteroides sp. An322",0,0,0.000592592592592593
"35818","Helicobacter pullorum",0,0,0.000592592592592593
"1610","Loigolactobacillus coryniformis",0,0,0.000592592592592593
"1710","Cellulosimicrobium cellulans",0,0,0.000592592592592593
"52242","Lactobacillus gallinarum",0,0,0.000592592592592593
"303541","Lactobacillus apis",0,0,0.000592592592592593
"1286","Staphylococcus simulans",0,0,0.000592592592592593
"36841","Terrisporobacter glycolicus",0,0,0.000592592592592593
"39481","Clostridium combesii",0,0,0.000592592592592593
"223967","Methylorubrum populi",0,0,0.000592592592592593
"481722","Lentilactobacillus kisonensis",0,0,0.000592592592592593
"1909299","Blastomonas sp.",0,0,0.000592592592592593
"32013","Comamonas terrigena",0,0,0.000592592592592593
"343874","Empedobacter falsenii",0,0,0.000592592592592593
"1690244","Enterococcus sp. RIT-PI-f",0,0,0.000592592592592593
"1605838","Pseudomonas coleopterorum",0,0,0.000592592592592593
"1945520","Psychrobacter pasteurii",0,0,0.000592592592592593
"219301","Brachybacterium muris",0,0,0.000592592592592593
"1519","Clostridium tyrobutyricum",0,0,0.000592592592592593
"1985876","Escherichia sp. ESNIH1",0,0,0.000592592592592593
"1778540","Dickeya fangzhongdai",0,0,0.000296296296296296
"556","Dickeya chrysanthemi",0,0,0.000296296296296296
"178214","Facklamia hominis",0,0,0.000296296296296296
"518643","Bifidobacterium mongoliense",0,0,0.000296296296296296
"227943","Limosilactobacillus antri",0,0,0.000296296296296296
"478","Moraxella nonliquefaciens",0,0,0.000296296296296296
"1965538","Flavonifractor sp. An100",0,0,0.000296296296296296
"66851","Methanobrevibacter oralis",0,0,0.000296296296296296
"712466","Prevotella sp. oral taxon 376",0,0,0.000296296296296296
"2067550","Clostridium sp. chh4-2",0,0,0.000296296296296296
"626933","Odoribacter laneus",0,0,0.000296296296296296
"1965537","Flavonifractor sp. An10",0,0,0.000296296296296296
"1262744","Bacteroides sp. CAG:633",0,0,0.000296296296296296
"1262746","Bacteroides sp. CAG:661",0,0,0.000296296296296296
"1896974","Bacteroides sp. 43_108",0,0,0.000296296296296296
"626930","Bacteroides fluxus",0,0,0.000296296296296296
"1497953","Bacteroidales bacterium KA00251",0,0,0.000296296296296296
"1965590","Barnesiella sp. An22",0,0,0.000296296296296296
"227945","Lactobacillus ultunensis",0,0,0.000296296296296296
"752","Pasteurella bettyae",0,0,0.000296296296296296
"1965662","Gemmiger sp. An87",0,0,0.000296296296296296
"29385","Staphylococcus saprophyticus",0,0,0.000296296296296296
"267818","Lactobacillus kefiranofaciens",0,0,0.000296296296296296
"148604","Limosilactobacillus ingluviei",0,0,0.000296296296296296
"1398","Weizmannia coagulans",0,0,0.000296296296296296
"1965661","Pseudoflavonifractor sp. An85",0,0,0.000296296296296296
"1317","Streptococcus downei",0,0,0.000296296296296296
"1965627","Lachnoclostridium sp. An298",0,0,0.000296296296296296
"35787","Limosilactobacillus pontis",0,0,0.000296296296296296
"28901","Salmonella enterica",0,0,0.000296296296296296
"53346","Enterococcus mundtii",0,0,0.000296296296296296
"417368","Enterococcus thailandicus",0,0,0.000296296296296296
"208223","Kosakonia cowanii",0,0,0.000296296296296296
"1703","Brevibacterium linens",0,0,0.000296296296296296
"273384","Brevibacterium aurantiacum",0,0,0.000296296296296296
"1679169","Bacillus sp. FJAT-27916",0,0,0.000296296296296296
"214095","Enterococcus canis",0,0,0.000296296296296296
"1560217","Clostridium sp. L74",0,0,0.000296296296296296
"334542","Rhodococcus qingshengii",0,0,0.000296296296296296
"1833","Rhodococcus erythropolis",0,0,0.000296296296296296
"2290935","Parabacteroides acidifaciens",0,0,0.000296296296296296
"293","Brevundimonas diminuta",0,0,0.000296296296296296
"1721","Corynebacterium callunae",0,0,0.000296296296296296
"29539","Thermoleophilum album",0,0,0.000296296296296296
"1365","Lactococcus plantarum",0,0,0.000296296296296296
"497725","Kosakonia oryzae",0,0,0.000296296296296296
"703","Plesiomonas shigelloides",0,0,0.000296296296296296
"1526735","Vogesella sp. EB",0,0,0.000296296296296296
"1293","Staphylococcus gallinarum",0,0,0.000296296296296296
"187328","Veillonella montpellierensis",0,0,0.000296296296296296
"1158459","Kosakonia sacchari",0,0,0.000296296296296296
"1296","Mammaliicoccus sciuri",0,0,0.000296296296296296
"214473","Staphylococcus nepalensis",0,0,0.000296296296296296
"38293","Photobacterium damselae",0,0,0.000296296296296296
"1715157","Corynebacterium sp. HMSC058E07",0,0,0.000296296296296296
"44252","Paenibacillus macerans",0,0,0.000296296296296296
"1629550","Paraclostridium benzoelyticum",0,0,0.000296296296296296
"310300","Bacteroides pyogenes",0,0,0.000296296296296296
"1608996","Pseudomonas helleri",0,0,0.000296296296296296
"249058","Gordonia otitidis",0,0,0.000296296296296296
"80866","Delftia acidovorans",0,0,0.000296296296296296
"458197","Serratia nematodiphila",0,0,0.000296296296296296
"302449","Corynebacterium tuscaniense",0,0,0.000296296296296296
"376620","Gluconobacter japonicus",0,0,0.000296296296296296
"470934","Pantoea vagans",0,0,0.000296296296296296
"451457","Lactococcus chungangensis",0,0,0.000296296296296296
"111015","Actinomyces radicidentis",0,0,0.000296296296296296
"756892","Acinetobacter indicus",0,0,0.000296296296296296
"195","Campylobacter coli",0,0,0.000296296296296296
"89059","Ligilactobacillus acidipiscis",0,0,0.000296296296296296
"53374","Corynebacterium coyleae",0,0,0.000296296296296296
"36809","Mycobacteroides abscessus",0,0,0.000296296296296296
"134533","Acinetobacter parvus",0,0,0.000296296296296296
"157782","Pseudomonas parafulva",0,0,0.000296296296296296
"29430","Acinetobacter haemolyticus",0,0,0.000296296296296296
"444444","Chelatococcus daeguensis",0,0,0.000296296296296296
"1275","Kocuria rosea",0,0,0.000296296296296296
"43771","Corynebacterium urealyticum",0,0,0.000296296296296296
"2183998","Chryseobacterium sp. AG844",0,0,0.000296296296296296
"857417","Janibacter indicus",0,0,0.000296296296296296
"364298","Janibacter hoylei",0,0,0.000296296296296296
"472693","Pantoea eucrina",0,0,0.000296296296296296
"198252","Candidatus Pelagibacter ubique",0,0,0.000296296296296296
"40216","Acinetobacter radioresistens",0,0,0.000296296296296296
"2751","Carnobacterium maltaromaticum",0,0,0.000296296296296296
"1965582","Gemmiger sp. An194",0,0,0.000296296296296296
"1965629","Flavonifractor sp. An306",0,0,0.000296296296296296
"1684","Bifidobacterium asteroides",0,0,0.000296296296296296
"29484","Yersinia frederiksenii",0,0,0.000296296296296296
"1588","Lentilactobacillus hilgardii",0,0,0.000296296296296296
"1511761","Leuconostoc suionicum",0,0,0.000296296296296296
"54299","Chroococcidiopsis thermalis",0,0,0.000296296296296296
"246796","Pedobacter himalayensis",0,0,0.000296296296296296
"358","Agrobacterium tumefaciens",0,0,0.000296296296296296
"28454","Sphingobacterium multivorum",0,0,0.000296296296296296
"35760","Bifidobacterium choerinum",0,0,0.000296296296296296
"2020963","Bifidobacterium anseris",0,0,0.000296296296296296
"1612","Companilactobacillus farciminis",0,0,0.000296296296296296
"931074","Oenococcus alcoholitolerans",0,0,0.000296296296296296
"1398493","Pseudocitrobacter faecalis",0,0,0.000296296296296296
"1888","Streptomyces albus",0,0,0.000296296296296296
"1692","Bifidobacterium magnum",0,0,0.000296296296296296
"78342","Bifidobacterium gallicum",0,0,0.000296296296296296
"1216932","Clostridium bornimense",0,0,0.000296296296296296
"55507","Schwartzia succinivorans",0,0,0.000296296296296296
"1037355","Parabacteroides chartae",0,0,0.000296296296296296
"1203069","Lactobacillus gigeriorum",0,0,0.000296296296296296
"262668","Acinetobacter beijerinckii",0,0,0.000296296296296296
"1530123","Acinetobacter seifertii",0,0,0.000296296296296296
"881","Desulfovibrio vulgaris",0,0,0.000296296296296296
"474960","Hydrogenoanaerobacterium saccharovorans",0,0,0.000296296296296296
"158850","Providencia rustigianii",0,0,0.000296296296296296
"390841","Lentilactobacillus farraginis",0,0,0.000296296296296296
"1355","Enterococcus columbae",0,0,0.000296296296296296
"1520","Clostridium beijerinckii",0,0,0.000296296296296296
"75750","Aspergillus sydowii",0,0,0.000296296296296296
"1691","Bifidobacterium indicum",0,0,0.000296296296296296
"559104","Enterobacter sp. 10-1",0,0,0.000296296296296296
"5061","Aspergillus niger",0,0,0.000296296296296296
"1341132","Aspergillus welwitschiae",0,0,0.000296296296296296
"1069201","Aspergillus luchuensis",0,0,0.000296296296296296
"1615674","Pseudomonas lactis",0,0,0.000296296296296296
"1056810","Prolinoborus fasciculus",0,0,0.000296296296296296
"571256","Brucella pituitosa",0,0,0.000296296296296296
"571255","Brucella thiophenivorans",0,0,0.000296296296296296
"2170731","Comamonas sp. JNW",0,0,0.000296296296296296
"1389922","Achromobacter mucicolens",0,0,0.000296296296296296
"1925021","Bacillus haynesii",0,0,0.000296296296296296
"1211807","Pseudomonas kunmingensis",0,0,0.000296296296296296
"1725","Corynebacterium xerosis",0,0,0.000296296296296296
"1748","Acidipropionibacterium acidipropionici",0,0,0.000296296296296296
"218140","Bifidobacterium psychraerophilum",0,0,0.000296296296296296
"487698","Stenotrophomonas pavanii",0,0,0.000296296296296296
"857276","Cryptosporidium ubiquitum",0,0,0.000296296296296296
"574650","Micrococcus terreus",0,0,0.000296296296296296
"942150","Lactiplantibacillus xiangfangensis",0,0,0.000296296296296296
"28028","Corynebacterium flavescens",0,0,0.000296296296296296
"1931995","Glutamicibacter sp.",0,0,0.000296296296296296
"103817","Janibacter terrae",0,0,0.000296296296296296
"237610","Pseudomonas psychrotolerans",0,0,0.000296296296296296
"2053495","Aerococcaceae bacterium",0,0,0.000296296296296296
"369932","Amycolatopsis niigatensis",0,0,0.000296296296296296
"1736393","Janibacter sp. Soil728",0,0,0.000296296296296296
"88233","Lacticaseibacillus manihotivorans",0,0,0.000296296296296296
"519","Bordetella parapertussis",0,0,0.000296296296296296
"520","Bordetella pertussis",0,0,0.000296296296296296
"82977","Buttiauxella agrestis",0,0,0.000296296296296296
"549","Pantoea agglomerans",0,0,0.000296296296296296
"1631871","Weissella jogaejeotgali",0,0,0.000296296296296296
"89061","Weissella thailandensis",0,0,0.000296296296296296
"1737425","Corynebacterium provencense",0,0,0.000296296296296296
"179838","Lentilactobacillus diolivorans",0,0,0.000296296296296296
"488447","Burkholderia contaminans",0,0,0.000296296296296296
"34038","Rahnella aquatilis",0,0,0.000296296296296296
"651561","Chryseobacterium arthrosphaerae",0,0,0.000296296296296296
"2080494","Pantoea sp. PSNIH6",0,0,0.000296296296296296
