"NCBI","name","skin_genus_prevalence","vagina_genus_prevalence","oralcavity_genus_prevalence","nasalcavity_genus_prevalence","stool_genus_prevalence"
"   1279","Staphylococcus",0.988950276243094,0.0631578947368421,0.0393939393939394,0.869565217391304,0.0168486739469579
"1912216","Cutibacterium",0.958563535911602,0.0631578947368421,0.301515151515152,0.989130434782609,0.0321372854914197
"  55193","Malassezia",0.864640883977901,0.0105263157894737,0.00606060606060606,0.66304347826087,0.000416016640665627
"   1716","Corynebacterium",0.834254143646409,0.0421052631578947,0.822727272727273,0.83695652173913,0.0365054602184087
"   1301","Streptococcus",0.726519337016575,0.0842105263157895,0.989393939393939,0.41304347826087,0.864274570982839
"   1269","Micrococcus",0.624309392265193,0,0.0106060606060606,0.0108695652173913,0.000832033281331253
" 150022","Finegoldia",0.549723756906077,0.0736842105263158,0,0.228260869565217,0.0388975559022361
"    475","Moraxella",0.538674033149171,0,0.0196969696969697,0.33695652173913,0.00208008320332813
"  32207","Rothia",0.502762430939227,0.0421052631578947,0.986363636363636,0.16304347826087,0.189599583983359
" 212791","Enhydrobacter",0.458563535911602,0,0.00454545454545455,0.0108695652173913,0.00145605824232969
"   1378","Gemella",0.450276243093923,0.0736842105263158,0.948484848484848,0.282608695652174,0.17743109724389
"    838","Prevotella",0.428176795580111,0.315789473684211,0.962121212121212,0.206521739130435,0.665938637545502
"    469","Acinetobacter",0.425414364640884,0,0.0212121212121212,0,0.00790431617264691
"   1654","Actinomyces",0.425414364640884,0.0210526315789474,0.975757575757576,0.130434782608696,0.301508060322413
"    482","Neisseria",0.408839779005525,0.0421052631578947,0.948484848484848,0.141304347826087,0.0168486739469579
" 165779","Anaerococcus",0.408839779005525,0.0947368421052632,0,0.41304347826087,0.0330733229329173
"  29465","Veillonella",0.38121546961326,0.0631578947368421,0.968181818181818,0.108695652173913,0.437025481019241
"   1578","Lactobacillus",0.370165745856354,0.989473684210526,0.0257575757575758,0.0217391304347826,0.481539261570463
"  57493","Kocuria",0.364640883977901,0,0.00757575757575758,0.0108695652173913,0.000832033281331253
"    724","Haemophilus",0.356353591160221,0,0.946969696969697,0.228260869565217,0.402808112324493
"    836","Porphyromonas",0.314917127071823,0.0842105263157895,0.934848484848485,0.0652173913043478,0.061882475299012
"   1696","Brevibacterium",0.276243093922652,0,0,0,0.00166406656266251
"  36739","Dermabacter",0.262430939226519,0,0,0,0.000832033281331253
"2529408","Schaalia",0.256906077348066,0.0210526315789474,0.91969696969697,0.0108695652173913,0.254394175767031
" 162289","Peptoniphilus",0.256906077348066,0.0736842105263158,0.00757575757575758,0.0108695652173913,0.0400416016640666
"    265","Paracoccus",0.234806629834254,0,0.00303030303030303,0,0.000208008320332813
"   2053","Gordonia",0.229281767955801,0,0,0,0.000208008320332813
"1866885","Mycolicibacterium",0.204419889502762,0,0,0,0.000416016640665627
"    286","Pseudomonas",0.201657458563536,0.0947368421052632,0.00303030303030303,0,0.0078003120124805
"  47670","Lautropia",0.198895027624309,0,0.822727272727273,0.0217391304347826,0.00634425377015081
"  57495","Dermacoccus",0.196132596685083,0,0,0,0
" 125216","Roseomonas",0.187845303867403,0,0,0,0
"  46123","Abiotrophia",0.176795580110497,0,0.601515151515152,0.0326086956521739,0.0046801872074883
"  53457","Janibacter",0.171270718232044,0,0,0,0
"  40323","Stenotrophomonas",0.168508287292818,0.0210526315789474,0.00606060606060606,0,0.00977639105564223
"   2701","Gardnerella",0.165745856353591,0.284210526315789,0,0.0108695652173913,0.0182007280291212
"  37914","Dietzia",0.160220994475138,0,0,0,0
" 216851","Faecalibacterium",0.157458563535912,0.0421052631578947,0.0212121212121212,0.0217391304347826,0.98408736349454
"   1016","Capnocytophaga",0.154696132596685,0.0105263157894737,0.886363636363636,0.0326086956521739,0.000104004160166407
"  57499","Kytococcus",0.149171270718232,0,0,0,0.000208008320332813
"1847725","Lawsonella",0.146408839779006,0.0421052631578947,0.00303030303030303,0.0652173913043478,0.0108164326573063
"  66831","Facklamia",0.146408839779006,0.0210526315789474,0,0,0.00260010400416017
" 909656","Phocaeicola",0.140883977900552,0.0947368421052632,0.122727272727273,0.119565217391304,0.949453978159126
" 102106","Collinsella",0.140883977900552,0.0315789473684211,0.0121212121212121,0,0.901092043681747
"  13687","Sphingomonas",0.138121546961326,0,0.00303030303030303,0,0
"  76833","Actinobaculum",0.132596685082873,0,0.446969696969697,0.0217391304347826,0.024544981799272
"    816","Bacteroides",0.129834254143646,0.0947368421052632,0.146969696969697,0.108695652173913,0.984191367654706
"  41275","Brevundimonas",0.129834254143646,0,0.00303030303030303,0,0.000208008320332813
"   1678","Bifidobacterium",0.129834254143646,0.136842105263158,0.128787878787879,0,0.886427457098284
"   1357","Lactococcus",0.129834254143646,0,0.0348484848484849,0.0217391304347826,0.208008320332813
"    570","Klebsiella",0.124309392265193,0,0.0257575757575758,0.119565217391304,0.189079563182527
"1283313","Alloprevotella",0.124309392265193,0,0.775757575757576,0.0217391304347826,0.00197607904316173
"    194","Campylobacter",0.124309392265193,0.0631578947368421,0.933333333333333,0.0652173913043478,0.0614664586583463
"   1375","Aerococcus",0.121546961325967,0.0842105263157895,0,0,0.00239209568382735
" 572511","Blautia",0.11878453038674,0.0105263157894737,0.00606060606060606,0,0.967966718668747
"  29393","Dolosigranulum",0.116022099447514,0,0.00151515151515152,0.41304347826087,0
"1407607","Fusicatenibacter",0.116022099447514,0.0105263157894737,0.00303030303030303,0,0.924388975559022
"   1651","Alloiococcus",0.116022099447514,0,0,0,0
"   1263","Ruminococcus",0.110497237569061,0.0526315789473684,0.0121212121212121,0.0108695652173913,0.889027561102444
" 184869","Varibaculum",0.110497237569061,0.0210526315789474,0,0,0.0130005200208008
"1582879","Ezakiella",0.107734806629834,0.0421052631578947,0,0,0.0192407696307852
"    848","Fusobacterium",0.104972375690608,0.0631578947368421,0.953030303030303,0.0760869565217391,0.0910036401456058
"    841","Roseburia",0.104972375690608,0.0105263157894737,0.0106060606060606,0,0.970358814352574
"2767353","Lancefieldella",0.0911602209944751,0.0105263157894737,0.733333333333333,0.0108695652173913,0.0253770150806032
"    561","Escherichia",0.0883977900552486,0.0315789473684211,0.0318181818181818,0.0326086956521739,0.622048881955278
"2316020","Mediterraneibacter",0.0883977900552486,0,0.00606060606060606,0,0.964742589703588
"   1827","Rhodococcus",0.0883977900552486,0,0,0,0.00457618304732189
"  39948","Dialister",0.0883977900552486,0.126315789473684,0.389393939393939,0,0.43879355174207
"2782229","Epilithonimonas",0.0856353591160221,0,0,0,0.00062402496099844
" 416916","Aggregatibacter",0.0856353591160221,0,0.815151515151515,0,0.0191367654706188
" 212742","Morococcus",0.0856353591160221,0,0.157575757575758,0.0108695652173913,0.000520020800832033
"   1380","Atopobium",0.0856353591160221,0.0526315789473684,0.0818181818181818,0,0.036817472698908
" 165695","Sphingobium",0.0856353591160221,0.0105263157894737,0,0,0.000104004160166407
"   2717","Cardiobacterium",0.0828729281767956,0,0.578787878787879,0.0108695652173913,0.00062402496099844
" 207244","Anaerostipes",0.0828729281767956,0,0.00151515151515152,0,0.910452418096724
"2801844","Arachnia",0.0801104972375691,0,0.472727272727273,0.0217391304347826,0.00270410816432657
"    379","Rhizobium",0.0773480662983425,0,0,0,0
" 149698","Massilia",0.074585635359116,0,0,0,0
"  32257","Kingella",0.074585635359116,0,0.589393939393939,0.0108695652173913,0.000208008320332813
"2862142","Falseniella",0.074585635359116,0,0,0,0.000416016640665627
"   1298","Deinococcus",0.0718232044198895,0,0,0,0
" 265975","Oribacterium",0.0718232044198895,0,0.754545454545455,0,0.0121684867394696
" 117563","Granulicatella",0.0718232044198895,0,0.757575757575758,0.0108695652173913,0.00416016640665627
"  59735","Bergeyella",0.0718232044198895,0,0,0,0
"  33882","Microbacterium",0.069060773480663,0,0,0,0.00104004160166407
"1742991","Pseudoglutamicibacter",0.069060773480663,0,0,0,0.000728029121164847
"   1243","Leuconostoc",0.0662983425414365,0,0.00151515151515152,0,0.10015600624025
"  32067","Leptotrichia",0.0662983425414365,0,0.874242424242424,0.0326086956521739,0.000520020800832033
"  59732","Chryseobacterium",0.0662983425414365,0,0.00151515151515152,0,0.000728029121164847
"    970","Selenomonas",0.0662983425414365,0,0.651515151515151,0.0217391304347826,0.00145605824232969
"  53335","Pantoea",0.0662983425414365,0,0.00909090909090909,0,0.0015600624024961
" 239759","Alistipes",0.0662983425414365,0.0421052631578947,0.0575757575757576,0.0326086956521739,0.911388455538222
"   2755","Brochothrix",0.0662983425414365,0,0.00303030303030303,0,0.000104004160166407
"  43668","Brachybacterium",0.0635359116022099,0,0,0,0.00031201248049922
"    283","Comamonas",0.0635359116022099,0,0.00151515151515152,0,0.0400416016640666
"  33042","Coprococcus",0.0635359116022099,0,0.00757575757575758,0,0.905876235049402
" 543311","Parvimonas",0.0607734806629834,0.0105263157894737,0.684848484848485,0,0.0538741549661986
"  90243","Oligella",0.0607734806629834,0,0,0,0
"   1257","Peptostreptococcus",0.0580110497237569,0.0421052631578947,0.509090909090909,0,0.0334893395735829
"    642","Aeromonas",0.0580110497237569,0,0.00303030303030303,0,0.00384815392615705
" 189330","Dorea",0.0552486187845304,0.0105263157894737,0.00303030303030303,0,0.954342173686948
"2569097","Anaerobutyricum",0.0552486187845304,0,0,0,0.892563702548102
" 414371","Aureimonas",0.0524861878453039,0,0,0,0
"    234","Brucella",0.0524861878453039,0,0.00303030303030303,0,0.000104004160166407
" 366614","Haematobacter",0.0497237569060773,0,0.00151515151515152,0,0
" 501783","Cloacibacterium",0.0497237569060773,0,0.0333333333333333,0.0108695652173913,0.000520020800832033
"   1763","Mycobacterium",0.0497237569060773,0,0,0,0.000104004160166407
" 196081","Scardovia",0.0497237569060773,0,0.160606060606061,0,0.0177847113884555
" 195950","Tannerella",0.0497237569060773,0,0.809090909090909,0.0108695652173913,0.000520020800832033
"2767327","Fannyhessea",0.0497237569060773,0.147368421052632,0.00303030303030303,0,0.00977639105564223
" 192992","Thermoleophilum",0.0497237569060773,0,0,0,0.00686427457098284
"  28050","Lachnospira",0.0497237569060773,0.0105263157894737,0.00757575757575758,0.0108695652173913,0.881435257410296
"    613","Serratia",0.0497237569060773,0,0.00151515151515152,0,0.00228809152366095
"     22","Shewanella",0.0497237569060773,0,0.00151515151515152,0,0.000208008320332813
" 375288","Parabacteroides",0.0469613259668508,0.0631578947368421,0.0348484848484849,0.0434782608695652,0.918772750910036
" 670516","Mycobacteroides",0.0469613259668508,0.0736842105263158,0,0,0.000104004160166407
"  86331","Mogibacterium",0.0469613259668508,0,0.589393939393939,0,0.0938117524700988
"   2060","Tsukamurella",0.0441988950276243,0,0,0,0
" 239934","Akkermansia",0.0441988950276243,0.0105263157894737,0.00454545454545455,0,0.569006760270411
" 204475","Gemmiger",0.0441988950276243,0.0210526315789474,0.00303030303030303,0,0.854082163286531
"1069494","Trueperella",0.0441988950276243,0,0,0,0.000728029121164847
"   1350","Enterococcus",0.0414364640883978,0,0.00454545454545455,0.0108695652173913,0.126365054602184
"2282523","Methylorubrum",0.0414364640883978,0,0,0,0.000104004160166407
"    810","Chlamydia",0.0414364640883978,0,0.0227272727272727,0,0.000728029121164847
"1535326","Candida",0.0414364640883978,0.0526315789473684,0.0318181818181818,0.0108695652173913,0.00280811232449298
"2692118","Winkia",0.0414364640883978,0.0210526315789474,0,0,0.000832033281331253
"   1743","Propionibacterium",0.0414364640883978,0,0.0712121212121212,0,0.0276651066042642
" 206375","Prolinoborus",0.0414364640883978,0,0,0,0
"  34072","Variovorax",0.0386740331491713,0,0,0,0.000104004160166407
"    407","Methylobacterium",0.0386740331491713,0,0,0,0.000104004160166407
"  85043","Williamsia",0.0386740331491713,0,0,0,0
" 909928","Negativicoccus",0.0386740331491713,0,0,0.0217391304347826,0.0078003120124805
" 459786","Oscillibacter",0.0386740331491713,0.0105263157894737,0.00303030303030303,0.0108695652173913,0.822152886115445
"  83654","Leclercia",0.0386740331491713,0,0,0,0.00374414976599064
" 227979","Jeotgalicoccus",0.0386740331491713,0,0,0,0
" 361607","Patulibacter",0.0359116022099447,0,0,0,0
"1164882","Lachnoanaerobaculum",0.0359116022099447,0,0.696969696969697,0.0108695652173913,0.000832033281331253
"   1730","Eubacterium",0.0359116022099447,0.0105263157894737,0.00454545454545455,0,0.953510140405616
"1637257","Mageeibacillus",0.0359116022099447,0.0631578947368421,0,0,0.00915236609464379
"  80865","Delftia",0.0331491712707182,0,0.0257575757575758,0,0.000208008320332813
"  28453","Sphingobacterium",0.0331491712707182,0,0.00454545454545455,0,0.000208008320332813
"1213720","Stomatobaculum",0.0331491712707182,0,0.589393939393939,0,0.00239209568382735
" 397864","Barnesiella",0.0331491712707182,0.0526315789473684,0.0136363636363636,0.0217391304347826,0.661986479459178
"  33024","Phascolarctobacterium",0.0331491712707182,0.0105263157894737,0.00909090909090909,0,0.655642225689028
"    222","Achromobacter",0.0331491712707182,0.105263157894737,0.00151515151515152,0,0.00114404576183047
"1158982","Calidifontibacter",0.0303867403314917,0,0,0,0
"1763521","Paludisphaera",0.0303867403314917,0,0,0,0.00187207488299532
"    538","Eikenella",0.0303867403314917,0,0.524242424242424,0.0108695652173913,0.00145605824232969
" 123375","Solobacterium",0.0303867403314917,0.0105263157894737,0.581818181818182,0,0.0282891315652626
"2740557","Pauljensenia",0.0303867403314917,0,0.233333333333333,0,0.00104004160166407
"1573535","Holdemanella",0.0303867403314917,0,0.00151515151515152,0,0.373686947477899
"   2747","Carnobacterium",0.0303867403314917,0,0.00303030303030303,0,0.00260010400416017
"    551","Erwinia",0.0303867403314917,0,0,0,0.000520020800832033
"    906","Megasphaera",0.0276243093922652,0.0105263157894737,0.537878787878788,0.0217391304347826,0.126573062922517
"2692113","Gleimia",0.0276243093922652,0,0,0,0.00093603744149766
" 204447","Skermanella",0.0248618784530387,0,0,0,0
"2100764","Mixta",0.0248618784530387,0,0,0,0
" 160674","Raoultella",0.0248618784530387,0,0,0,0.0166406656266251
"  45669","Salinicoccus",0.0248618784530387,0,0,0,0
"   1013","Weeksella",0.0248618784530387,0,0,0,0
"  59734","Empedobacter",0.0248618784530387,0,0,0,0
"     75","Caulobacter",0.0220994475138122,0,0,0,0.000104004160166407
"  84108","Slackia",0.0220994475138122,0.0210526315789474,0.143939393939394,0,0.461674466978679
"   2740","Peptococcus",0.0220994475138122,0.0210526315789474,0,0,0.00832033281331253
"1653176","Cereibacter",0.0220994475138122,0,0,0,0
" 243627","Hydrocarboniphaga",0.0220994475138122,0,0,0,0
"  29580","Janthinobacterium",0.0220994475138122,0,0,0,0
"   1663","Arthrobacter",0.0220994475138122,0,0,0,0
"   2034","Curtobacterium",0.0220994475138122,0,0,0,0
" 222991","Alkanindiges",0.0193370165745856,0,0,0,0
"  85413","Bosea",0.0193370165745856,0,0,0,0.000208008320332813
"    157","Treponema",0.0193370165745856,0,0.610606060606061,0,0.0229849193967759
"  33986","Exiguobacterium",0.0193370165745856,0,0,0,0
"  43996","Catonella",0.0193370165745856,0,0.36969696969697,0,0
" 135858","Catenibacterium",0.0193370165745856,0,0,0,0.19074362974519
"    374","Bradyrhizobium",0.0193370165745856,0,0.00151515151515152,0,0
"1903434","Atlantibacter",0.0193370165745856,0,0,0,0.00093603744149766
"2767842","Lactiplantibacillus",0.0193370165745856,0,0.00151515151515152,0,0.0170566822672907
"  88138","Modestobacter",0.0193370165745856,0,0,0,0
"2742598","Limosilactobacillus",0.0165745856353591,0.273684210526316,0.0242424242424242,0,0.0692667706708268
" 114248","Tepidimonas",0.0165745856353591,0,0,0,0
"   1485","Clostridium",0.0165745856353591,0.0210526315789474,0.00454545454545455,0,0.821840873634945
"2048137","Agathobaculum",0.0165745856353591,0.0210526315789474,0.00151515151515152,0,0.897139885595424
"  84111","Eggerthella",0.0165745856353591,0,0,0,0.439209568382735
"    497","Psychrobacter",0.0165745856353591,0,0.00151515151515152,0,0
"    209","Helicobacter",0.0165745856353591,0.0105263157894737,0.00909090909090909,0.0108695652173913,0.00520020800832033
"   1847","Pseudonocardia",0.0165745856353591,0,0,0,0
"  89092","Ignavigranum",0.0165745856353591,0,0,0,0
"  31983","Helcococcus",0.0165745856353591,0,0,0,0
"    745","Pasteurella",0.0165745856353591,0,0,0,0.000104004160166407
"  82800","Desemzia",0.0165745856353591,0,0,0,0
" 190323","Plantibacter",0.0165745856353591,0,0,0,0
" 171412","Eremococcus",0.0165745856353591,0,0,0,0.000104004160166407
"  96492","Frigoribacterium",0.0165745856353591,0,0,0,0
"    579","Kluyvera",0.0165745856353591,0,0,0,0.0163286531461258
"  34037","Rahnella",0.0165745856353591,0,0,0,0.000104004160166407
"  83618","Pseudoxanthomonas",0.0165745856353591,0,0,0,0
"  42255","Rubrobacter",0.0138121546961326,0,0,0,0.000208008320332813
"  46255","Weissella",0.0138121546961326,0,0.00454545454545455,0,0.0542901716068643
"  44259","Filifactor",0.0138121546961326,0,0.383333333333333,0,0.000208008320332813
" 283168","Odoribacter",0.0138121546961326,0.0105263157894737,0.00757575757575758,0.0108695652173913,0.79594383775351
"    544","Citrobacter",0.0138121546961326,0,0.00151515151515152,0,0.0680187207488299
" 577310","Parasutterella",0.0138121546961326,0.0105263157894737,0.00303030303030303,0,0.529693187727509
" 203470","Tepidiphilus",0.0138121546961326,0,0.00151515151515152,0.0108695652173913,0
"  70774","Hydrogenophilus",0.0138121546961326,0,0,0,0
"1913599","Peptoanaerobacter",0.0138121546961326,0,0.325757575757576,0,0
" 177971","Shuttleworthia",0.0138121546961326,0,0.0696969696969697,0,0.000520020800832033
" 169133","Citricoccus",0.0138121546961326,0,0,0,0
"  86795","Marmoricola",0.0138121546961326,0,0,0,0
"  29404","Microlunatus",0.0138121546961326,0,0,0,0.000208008320332813
"  50709","Acidocella",0.0138121546961326,0,0,0,0
"  46352","Agrococcus",0.0138121546961326,0,0,0,0
"2767885","Latilactobacillus",0.0110497237569061,0,0,0,0.0464898595943838
"  99479","Tetrasphaera",0.0110497237569061,0,0,0,0
"1434006","Fretibacterium",0.0110497237569061,0,0.353030303030303,0,0.128445137805512
"     71","Simonsiella",0.0110497237569061,0,0.116666666666667,0,0
"1653174","Actinotignum",0.0110497237569061,0.0105263157894737,0,0,0.00124804992199688
"  48736","Ralstonia",0.0110497237569061,0,0,0,0.00384815392615705
" 447020","Adlercreutzia",0.0110497237569061,0,0,0,0.711284451378055
"    547","Enterobacter",0.0110497237569061,0,0.00606060606060606,0,0.0242329693187728
"   1386","Bacillus",0.0110497237569061,0,0.00151515151515152,0,0.00582423296931877
" 150247","Anoxybacillus",0.0110497237569061,0,0,0,0
"2800373","Priestia",0.0110497237569061,0,0,0,0.00114404576183047
"1742993","Pseudarthrobacter",0.0110497237569061,0,0,0,0
"1742989","Glutamicibacter",0.0110497237569061,0,0,0,0.00031201248049922
"     53","Nannocystis",0.0110497237569061,0,0,0,0
"      6","Azorhizobium",0.0110497237569061,0,0,0,0
"   1839","Nocardioides",0.0110497237569061,0,0,0,0
"   1573","Clavibacter",0.0110497237569061,0,0,0,0.00166406656266251
" 125287","Ornithinimicrobium",0.0110497237569061,0,0,0,0
" 316612","Methylibium",0.0110497237569061,0,0,0,0
" 136099","Knoellia",0.00828729281767956,0,0,0,0
" 106589","Cupriavidus",0.00828729281767956,0,0,0,0.00884035361414457
"     68","Lysobacter",0.00828729281767956,0,0,0,0
"1330546","Pluralibacter",0.00828729281767956,0,0,0,0.000416016640665627
" 219181","Ottowia",0.00828729281767956,0,0.156060606060606,0.0108695652173913,0.000104004160166407
"    780","Rickettsia",0.00828729281767956,0,0,0,0.000104004160166407
"  12916","Acidovorax",0.00828729281767956,0,0.00151515151515152,0,0.000208008320332813
" 577309","Paraprevotella",0.00828729281767956,0.0105263157894737,0.00454545454545455,0,0.3201248049922
"1905344","Ruthenibacterium",0.00828729281767956,0.0210526315789474,0.00151515151515152,0,0.83213728549142
" 946234","Flavonifractor",0.00828729281767956,0,0.00303030303030303,0,0.725845033801352
" 203133","Propionimicrobium",0.00828729281767956,0.0105263157894737,0,0,0.00031201248049922
" 156454","Anaeroglobus",0.00828729281767956,0.0105263157894737,0.127272727272727,0,0.00436817472698908
"1505663","Erysipelatoclostridium",0.00828729281767956,0,0,0,0.461986479459178
" 165697","Sphingopyxis",0.00828729281767956,0,0.00151515151515152,0,0.00031201248049922
"2759736","Lacticaseibacillus",0.00828729281767956,0,0.00151515151515152,0,0.0289131565262611
"  67575","Rheinheimera",0.00828729281767956,0,0,0,0
" 168808","Sneathia",0.00828729281767956,0.0631578947368421,0,0,0.00655226209048362
"   2050","Mobiluncus",0.00828729281767956,0.0315789473684211,0,0,0.00436817472698908
" 158846","Megamonas",0.00828729281767956,0,0.00757575757575758,0.0108695652173913,0.121372854914197
"   1637","Listeria",0.00828729281767956,0,0.00151515151515152,0,0
" 152053","Starkeya",0.00828729281767956,0,0,0,0
"    338","Xanthomonas",0.00828729281767956,0,0,0,0
"2803850","Mammaliicoccus",0.00828729281767956,0,0,0,0.00114404576183047
"  38501","Blastococcus",0.00828729281767956,0,0,0,0
" 186475","Kouleothrix",0.00828729281767956,0,0,0,0.00197607904316173
"    441","Gluconobacter",0.00828729281767956,0,0,0,0
"  44249","Paenibacillus",0.00828729281767956,0,0,0,0.00166406656266251
"2730923","Roseicella",0.00552486187845304,0,0,0,0
"    657","Photobacterium",0.00552486187845304,0,0,0,0
" 204474","Dichotomicrobium",0.00552486187845304,0,0,0,0
"   5052","Aspergillus",0.00552486187845304,0,0,0,0.000104004160166407
" 419014","Alloscardovia",0.00552486187845304,0.0105263157894737,0.0863636363636364,0,0.0300572022880915
"    830","Butyrivibrio",0.00552486187845304,0,0.0121212121212121,0,0.234321372854914
"   1883","Streptomyces",0.00552486187845304,0,0,0,0.00062402496099844
"1573534","Faecalitalea",0.00552486187845304,0,0,0,0.10535621424857
" 428711","Jonquetella",0.00552486187845304,0,0.00151515151515152,0.0108695652173913,0.00197607904316173
" 404432","Salinicola",0.00552486187845304,0,0,0,0
" 106591","Ensifer",0.00552486187845304,0,0,0,0.000104004160166407
"    434","Acetobacter",0.00552486187845304,0,0,0,0
"    270","Thermus",0.00552486187845304,0,0,0,0.000104004160166407
"  13075","Globicatella",0.00552486187845304,0,0,0,0.000104004160166407
"    357","Agrobacterium",0.00552486187845304,0,0.00151515151515152,0,0
" 318147","Paucibacter",0.00552486187845304,0,0,0,0
"1418588","Tersicoccus",0.00552486187845304,0,0,0,0
"2767323","Buchananella",0.00552486187845304,0,0,0,0
"   1835","Saccharopolyspora",0.00552486187845304,0,0,0,0
"  53460","Nakamurella",0.00552486187845304,0,0,0,0
"1484898","Methyloceanibacter",0.00552486187845304,0,0,0,0
" 106146","Pelistega",0.00552486187845304,0,0,0,0.000104004160166407
"  60919","Sanguibacter",0.00552486187845304,0,0,0,0
"1648508","Ciceribacter",0.00552486187845304,0,0,0,0
"   1860","Geodermatophilus",0.00552486187845304,0,0,0,0
"   4930","Saccharomyces",0.00552486187845304,0,0,0,0.0166406656266251
"1914234","Fimbriiglobus",0.00552486187845304,0,0,0,0
" 365532","Belnapia",0.00552486187845304,0,0,0,0
"  57494","Nesterenkonia",0.00552486187845304,0,0,0,0
" 150203","Blastomonas",0.00552486187845304,0,0,0,0
"  54298","Chroococcidiopsis",0.00276243093922652,0,0,0,0
"  32008","Burkholderia",0.00276243093922652,0.0315789473684211,0,0,0.000104004160166407
"1330547","Kosakonia",0.00276243093922652,0,0.00757575757575758,0,0.00343213728549142
"    904","Acidaminococcus",0.00276243093922652,0,0,0,0.127821112844514
" 511678","Aliivibrio",0.00276243093922652,0,0,0,0
"   2132","Spiroplasma",0.00276243093922652,0,0,0,0
" 111782","Tolypothrix",0.00276243093922652,0,0,0,0
" 308865","Elizabethkingia",0.00276243093922652,0,0,0.0108695652173913,0.00031201248049922
"  35823","Arthrospira",0.00276243093922652,0,0,0,0.000104004160166407
"   2172","Methanobrevibacter",0.00276243093922652,0,0.00303030303030303,0,0.373166926677067
" 644652","Gordonibacter",0.00276243093922652,0.0105263157894737,0,0,0.658554342173687
"  52225","Mitsuokella",0.00276243093922652,0,0.0257575757575758,0,0.101716068642746
" 240233","Aeriscardovia",0.00276243093922652,0,0.00303030303030303,0,0.193863754550182
"    583","Proteus",0.00276243093922652,0,0,0.0108695652173913,0.00655226209048362
"   2129","Ureaplasma",0.00276243093922652,0.315789473684211,0,0,0.00124804992199688
"2039302","Monoglobus",0.00276243093922652,0,0,0,0.194071762870515
"1432051","Eisenbergiella",0.00276243093922652,0,0.00151515151515152,0,0.298491939677587
"1649459","Hungatella",0.00276243093922652,0,0,0,0.199583983359334
"  28209","Chelatococcus",0.00276243093922652,0,0,0,0
"2055876","Metakosakonia",0.00276243093922652,0,0,0,0.000520020800832033
" 447792","Phytobacter",0.00276243093922652,0,0,0,0.00062402496099844
"2767358","Mycoplasmopsis",0.00276243093922652,0,0,0,0.000208008320332813
"    171","Leptospira",0.00276243093922652,0,0,0,0
"1934947","Immundisolibacter",0.00276243093922652,0,0.00151515151515152,0,0
" 133925","Olsenella",0.00276243093922652,0,0.0833333333333333,0,0.00582423296931877
"  43994","Johnsonella",0.00276243093922652,0,0.118181818181818,0,0
"  82202","Centipeda",0.00276243093922652,0,0.16969696969697,0,0
"2749846","Amedibacillus",0.00276243093922652,0,0,0,0.0409776391055642
"2767887","Ligilactobacillus",0.00276243093922652,0,0.0121212121212121,0,0.164222568902756
"2743582","Peptacetobacter",0.00276243093922652,0,0,0,0.0015600624024961
" 158483","Cedecea",0.00276243093922652,0,0,0,0.000104004160166407
"2707015","Amnimonas",0.00276243093922652,0,0,0,0
"2767881","Fructilactobacillus",0.00276243093922652,0,0,0,0.0107124284971399
"   5206","Cryptococcus",0.00276243093922652,0,0,0,0
"2782231","Kaistella",0.00276243093922652,0,0,0,0
"1073531","Mycolicibacter",0.00276243093922652,0,0,0,0
" 110932","Leifsonia",0.00276243093922652,0,0,0,0
"   1569","Sporosarcina",0.00276243093922652,0,0,0,0.00104004160166407
"  75309","Rhodanobacter",0.00276243093922652,0,0,0,0
"1920251","Antricoccus",0.00276243093922652,0,0,0,0
"2860205","Canicola",0.00276243093922652,0,0,0,0
" 745364","Luteipulveratus",0.00276243093922652,0,0,0,0
"   2013","Nocardiopsis",0.00276243093922652,0,0,0,0.000208008320332813
"2837508","Rossellomorea",0.00276243093922652,0,0,0,0.00280811232449298
"1445609","Hephaestia",0.00276243093922652,0,0,0,0
" 165696","Novosphingobium",0.00276243093922652,0,0,0,0
" 265976","Serinicoccus",0.00276243093922652,0,0,0,0
"2767886","Levilactobacillus",0.00276243093922652,0,0,0,0.00374414976599064
" 157920","Cellulosimicrobium",0.00276243093922652,0,0,0,0.000416016640665627
" 116071","Micropruina",0.00276243093922652,0,0,0,0
"    898","Desulfomicrobium",0.00276243093922652,0,0.0439393939393939,0,0.000208008320332813
"    581","Morganella",0.00276243093922652,0,0,0,0.00551222048881955
"   1253","Pediococcus",0.00276243093922652,0,0,0,0.0147685907436297
" 300418","Catellicoccus",0.00276243093922652,0,0,0,0
" 141948","Thermomonas",0.00276243093922652,0,0,0,0
" 154116","Georgenia",0.00276243093922652,0,0,0,0
"  84567","Pedobacter",0.00276243093922652,0,0,0,0.000104004160166407
"1826864","Candidatus Nitrosocosmicus",0.00276243093922652,0,0,0,0
"  34098","Blattabacterium",0.00276243093922652,0,0,0,0
" 162291","Planomicrobium",0.00276243093922652,0,0,0,0
" 110934","Agreia",0.00276243093922652,0,0,0,0
" 688241","Chlorogloea",0.00276243093922652,0,0,0,0
"1433995","Cruoricaptor",0.00276243093922652,0,0,0,0
"  44471","Microcoleus",0.00276243093922652,0,0,0,0
" 241421","Crinalium",0.00276243093922652,0,0,0,0
"2886347","Allocoleopsis",0.00276243093922652,0,0,0,0
" 290425","Advenella",0.00276243093922652,0,0,0,0
"   1158","Oscillatoria",0.00276243093922652,0,0,0,0
"  69578","Cryobacterium",0.00276243093922652,0,0,0,0
"   1817","Nocardia",0.00276243093922652,0,0,0,0
" 295418","Rubellimicrobium",0.00276243093922652,0,0,0,0
" 332100","Planifilum",0.00276243093922652,0,0,0,0
"    517","Bordetella",0.00276243093922652,0,0,0,0.000104004160166407
"    507","Alcaligenes",0.00276243093922652,0,0,0,0.000208008320332813
"  41201","Ewingella",0.00276243093922652,0,0,0,0.000104004160166407
"   1647","Erysipelothrix",0.00276243093922652,0,0,0,0.00832033281331253
"    113","Gemmata",0.00276243093922652,0,0,0,0
"2675230","Cytobacillus",0.00276243093922652,0,0,0,0.000416016640665627
"  75654","Duganella",0.00276243093922652,0,0,0,0
"    237","Flavobacterium",0.00276243093922652,0,0,0,0.000208008320332813
" 697279","Bavariicoccus",0.00276243093922652,0,0,0,0.000208008320332813
"  55080","Brevibacillus",0.00276243093922652,0,0,0,0.00062402496099844
"1565532","Rouxiella",0.00276243093922652,0,0,0,0
"2055880","Pseudescherichia",0.00276243093922652,0,0,0,0.000208008320332813
"  46913","Devosia",0.00276243093922652,0,0,0,0
"    191","Azospirillum",0.00276243093922652,0,0,0,0
" 413435","Solimonas",0.00276243093922652,0,0,0,0
"2895509","Metamycoplasma",0,0.0421052631578947,0,0,0.00114404576183047
"1348911","Coprobacter",0,0.0105263157894737,0.00303030303030303,0,0.439729589183567
" 574697","Butyricimonas",0,0.0105263157894737,0.00151515151515152,0,0.543109724388976
"  35832","Bilophila",0,0.0105263157894737,0,0,0.610296411856474
"1918598","Turicimonas",0,0.0105263157894737,0.00303030303030303,0,0.307228289131565
"1937664","Criibacterium",0,0.0105263157894737,0,0,0.00384815392615705
"    963","Herbaspirillum",0,0.0105263157894737,0,0,0
"2767888","Liquorilactobacillus",0,0.0105263157894737,0.00151515151515152,0,0.00031201248049922
"2755140","Pseudoleptotrichia",0,0,0.165151515151515,0,0
"    893","Desulfobulbus",0,0,0.101515151515152,0,0.000104004160166407
"1279384","Eggerthia",0,0,0.0848484848484849,0,0.00114404576183047
"2847313","Tractidigestivibacter",0,0,0.046969696969697,0,0.315756630265211
" 113286","Pseudoramibacter",0,0,0.0348484848484849,0,0.000520020800832033
" 196082","Parascardovia",0,0,0.0272727272727273,0,0.00488819552782111
" 186829","Agitococcus",0,0,0.0136363636363636,0,0.000520020800832033
" 638847","Pyramidobacter",0,0,0.0136363636363636,0,0.0128965158606344
"1676651","Limnochorda",0,0,0.0121212121212121,0,0.00540821632865315
" 122277","Pectobacterium",0,0,0.00454545454545455,0,0.000104004160166407
"  51668","Tetragenococcus",0,0,0.00303030303030303,0,0.000208008320332813
" 519427","Sharpea",0,0,0.00151515151515152,0,0.071346853874155
"2719313","Enterocloster",0,0,0.00151515151515152,0,0.444201768070723
"1506553","Lachnoclostridium",0,0,0.00151515151515152,0,0.260738429537181
"1472649","Dielma",0,0,0.00151515151515152,0,0.148517940717629
"1392389","Intestinimonas",0,0,0.00151515151515152,0,0.415080603224129
"2172004","Lawsonibacter",0,0,0.00151515151515152,0,0.647217888715549
"    662","Vibrio",0,0,0.00151515151515152,0,0.00104004160166407
" 204037","Dickeya",0,0,0.00151515151515152,0,0
"  89583","Gluconacetobacter",0,0,0.00151515151515152,0,0
"  99906","Alkalibacterium",0,0,0.00151515151515152,0,0
"1080709","Methanomassiliicoccus",0,0,0.00151515151515152,0,0.0178887155486219
"   1129","Synechococcus",0,0,0.00151515151515152,0,0
" 120961","Roseiflexus",0,0,0.00151515151515152,0,0
"1505657","Intestinibacter",0,0,0,0,0.51201248049922
"1472762","Enorma",0,0,0,0,0.42548101924077
"1924093","Anaeromassilibacillus",0,0,0,0,0.392511700468019
"  61170","Holdemania",0,0,0,0,0.351014040561622
" 191303","Turicibacter",0,0,0,0,0.313052522100884
"1501226","Romboutsia",0,0,0,0,0.297659906396256
" 244127","Anaerotruncus",0,0,0,0,0.293291731669267
"    872","Desulfovibrio",0,0,0,0,0.259074362974519
" 172900","Victivallis",0,0,0,0,0.165470618824753
"2719231","Lacrimispora",0,0,0,0,0.141757670306812
" 209879","Allisonella",0,0,0,0,0.141549661986479
"1017280","Pseudoflavonifractor",0,0,0,0,0.139573582943318
"1769710","Sellimonas",0,0,0,0,0.133125325013001
" 990721","Christensenella",0,0,0,0,0.122828913156526
" 100883","Coprobacillus",0,0,0,0,0.105668226729069
"2039240","Anaerotignum",0,0,0,0,0.086947477899116
"1506577","Tyzzerella",0,0,0,0,0.078523140925637
"  79603","Denitrobacterium",0,0,0,0,0.0749869994799792
"1892380","Harryflintia",0,0,0,0,0.0744669786791472
"   2316","Methanosphaera",0,0,0,0,0.0740509620384815
"    846","Oxalobacter",0,0,0,0,0.0688507540301612
"1924110","Massilimicrobiota",0,0,0,0,0.0681227249089964
"1635148","Sanguibacteroides",0,0,0,0,0.0578263130525221
"  13334","Anaerobiospirillum",0,0,0,0,0.0549141965678627
"  12967","Blastocystis",0,0,0,0,0.0539781591263651
" 508459","Cloacibacillus",0,0,0,0,0.046281851274051
"  29521","Brachyspira",0,0,0,0,0.0372334893395736
"1573536","Faecalicoccus",0,0,0,0,0.0346333853354134
"1470349","Candidatus Stoquefichus",0,0,0,0,0.0265210608424337
" 420345","Lactonifactor",0,0,0,0,0.0241289651586063
"   1266","Sarcina",0,0,0,0,0.0186167446697868
" 674963","Succinatimonas",0,0,0,0,0.0167446697867915
"    568","Hafnia",0,0,0,0,0.0165366614664587
" 580596","Butyricicoccus",0,0,0,0,0.0148725949037962
" 264995","Anaerofustis",0,0,0,0,0.0146645865834633
"  52784","Anaerofilum",0,0,0,0,0.00769630785231409
"1774128","Murimonas",0,0,0,0,0.00686427457098284
"1505652","Terrisporobacter",0,0,0,0,0.00665626625065003
"2767893","Lentilactobacillus",0,0,0,0,0.00436817472698908
" 413496","Cronobacter",0,0,0,0,0.00395215808632345
"2767880","Dellaglioa",0,0,0,0,0.00384815392615705
"2005359","Faecalicatena",0,0,0,0,0.00384815392615705
" 180162","Cetobacterium",0,0,0,0,0.00384815392615705
"1609627","Hydrogenibacillus",0,0,0,0,0.00353614144565783
"2767879","Companilactobacillus",0,0,0,0,0.00322412896515861
"   5758","Entamoeba",0,0,0,0,0.00301612064482579
"2321111","Aliarcobacter",0,0,0,0,0.00280811232449298
"1918540","Muribaculum",0,0,0,0,0.00270410816432657
"    702","Plesiomonas",0,0,0,0,0.00270410816432657
"2675229","Peribacillus",0,0,0,0,0.00270410816432657
" 248744","Marvinbryantia",0,0,0,0,0.00249609984399376
"1849828","Paeniclostridium",0,0,0,0,0.00239209568382735
"  28138","Rikenella",0,0,0,0,0.00218408736349454
"1649295","Franconibacter",0,0,0,0,0.00208008320332813
" 292632","Subdoligranulum",0,0,0,0,0.00197607904316173
"  55079","Aneurinibacillus",0,0,0,0,0.00187207488299532
"1870884","Clostridioides",0,0,0,0,0.00176807072282891
"   2038","Tropheryma",0,0,0,0,0.0015600624024961
"2675234","Alkalihalobacillus",0,0,0,0,0.0015600624024961
"    586","Providencia",0,0,0,0,0.00135205408216329
"1849822","Paraclostridium",0,0,0,0,0.00124804992199688
"  57479","Microvirgula",0,0,0,0,0.00104004160166407
" 114627","Alkaliphilus",0,0,0,0,0.00104004160166407
"2303321","Superficieibacter",0,0,0,0,0.000832033281331253
"2767884","Lapidilactobacillus",0,0,0,0,0.000832033281331253
"1504576","Pseudocitrobacter",0,0,0,0,0.000728029121164847
" 698776","Cellulosilyticum",0,0,0,0,0.00062402496099844
"  33969","Melissococcus",0,0,0,0,0.00062402496099844
" 129337","Geobacillus",0,0,0,0,0.00062402496099844
"  84406","Virgibacillus",0,0,0,0,0.00062402496099844
"    590","Salmonella",0,0,0,0,0.000520020800832033
" 156973","Dysgonomonas",0,0,0,0,0.000520020800832033
"   2737","Vagococcus",0,0,0,0,0.000520020800832033
"   2753","Synergistes",0,0,0,0,0.000520020800832033
"   2093","Mycoplasma",0,0,0,0,0.000520020800832033
"2923352","Mesomycoplasma",0,0,0,0,0.000520020800832033
"1291539","Candidatus Methanomethylophilus",0,0,0,0,0.000520020800832033
"   2260","Pyrococcus",0,0,0,0,0.000520020800832033
"1335631","Frischella",0,0,0,0,0.000520020800832033
" 400634","Lysinibacillus",0,0,0,0,0.000416016640665627
"   2147","Acholeplasma",0,0,0,0,0.000416016640665627
"  69965","Macrococcus",0,0,0,0,0.00031201248049922
" 588605","Robinsoniella",0,0,0,0,0.00031201248049922
" 492233","Thiohalorhabdus",0,0,0,0,0.00031201248049922
"   5658","Leishmania",0,0,0,0,0.00031201248049922
"1221880","Psychrobacillus",0,0,0,0,0.00031201248049922
"    629","Yersinia",0,0,0,0,0.000208008320332813
"2518495","Duncaniella",0,0,0,0,0.000208008320332813
"  55968","Leucobacter",0,0,0,0,0.000208008320332813
" 133193","Alkalilimnicola",0,0,0,0,0.000208008320332813
" 158876","Yokenella",0,0,0,0,0.000208008320332813
"2767889","Loigolactobacillus",0,0,0,0,0.000208008320332813
"  46254","Oenococcus",0,0,0,0,0.000208008320332813
" 157226","Jeotgalibacillus",0,0,0,0,0.000208008320332813
"    541","Zymomonas",0,0,0,0,0.000208008320332813
"1937007","Ileibacterium",0,0,0,0,0.000208008320332813
"2651279","Pradoshia",0,0,0,0,0.000208008320332813
"  53246","Pseudoalteromonas",0,0,0,0,0.000208008320332813
"  65551","Meiothermus",0,0,0,0,0.000208008320332813
"1193503","Gilliamella",0,0,0,0,0.000208008320332813
"  68287","Mesorhizobium",0,0,0,0,0.000208008320332813
" 648800","Solibacillus",0,0,0,0,0.000208008320332813
"  28263","Arcanobacterium",0,0,0,0,0.000104004160166407
" 582472","Wohlfahrtiimonas",0,0,0,0,0.000104004160166407
"2817139","Weizmannia",0,0,0,0,0.000104004160166407
"2767891","Schleiferilactobacillus",0,0,0,0,0.000104004160166407
" 653683","Anaerosporobacter",0,0,0,0,0.000104004160166407
"   1649","Kurthia",0,0,0,0,0.000104004160166407
"1649468","Melaminivora",0,0,0,0,0.000104004160166407
"  69278","Aquamicrobium",0,0,0,0,0.000104004160166407
"2678534","Corticimicrobacter",0,0,0,0,0.000104004160166407
"2823232","Allosphingosinicella",0,0,0,0,0.000104004160166407
"2678886","Pulveribacter",0,0,0,0,0.000104004160166407
" 158848","Moellerella",0,0,0,0,0.000104004160166407
"1912215","Acidipropionibacterium",0,0,0,0,0.000104004160166407
"2767890","Paucilactobacillus",0,0,0,0,0.000104004160166407
"2815774","Hornefia",0,0,0,0,0.000104004160166407
" 423604","Elusimicrobium",0,0,0,0,0.000104004160166407
" 248038","Mucispirillum",0,0,0,0,0.000104004160166407
"1926659","Mediterranea",0,0,0,0,0.000104004160166407
"  28100","Phyllobacterium",0,0,0,0,0.000104004160166407
" 263377","Salipiger",0,0,0,0,0.000104004160166407
"2837505","Margalitia",0,0,0,0,0.000104004160166407
"2893059","Alkalicoccobacillus",0,0,0,0,0.000104004160166407
"  82986","Tatumella",0,0,0,0,0.000104004160166407
" 257820","Kerstersia",0,0,0,0,0.000104004160166407
"  41707","Lawsonia",0,0,0,0,0.000104004160166407
" 142577","Prauserella",0,0,0,0,0.000104004160166407
"    635","Edwardsiella",0,0,0,0,0.000104004160166407
"1276290","Caldibacillus",0,0,0,0,0.000104004160166407
"1649298","Siccibacter",0,0,0,0,0.000104004160166407
"1960084","Rodentibacter",0,0,0,0,0.000104004160166407
"  84565","Sodalis",0,0,0,0,0.000104004160166407
